barcode	file	contest\choice
10000380100015	039946.jpg	GOVERNOR	AKINYEMI AGBEDE
10000380100015	039946.jpg	GOVERNOR	ALBERT CAESAR MEZZETTI
10000380100015	039946.jpg	GOVERNOR	AMANDA RENTERIA
10000380100015	039946.jpg	GOVERNOR	ANTONIO VILLARAIGOSA
10000380100015	039946.jpg	GOVERNOR	CHRISTOPHER N. CARLSON
10000380100015	039946.jpg	GOVERNOR	DELAINE EASTIN
10000380100015	039946.jpg	GOVERNOR	DESMOND SILVEIRA
10000380100015	039946.jpg	GOVERNOR	GAVIN NEWSOM
10000380100015	039946.jpg	GOVERNOR	GLORIA ESTELA LA RIVA
10000380100015	039946.jpg	GOVERNOR	HAKAN "HAWK" MIKADO
10000380100015	039946.jpg	GOVERNOR	J. BRIBIESCA
10000380100015	039946.jpg	GOVERNOR	JEFFREY EDWARD TAYLOR
10000380100015	039946.jpg	GOVERNOR	JOHN CHIANG
10000380100015	039946.jpg	GOVERNOR	JOHN H. COX
10000380100015	039946.jpg	GOVERNOR	JOHNNY WATTENBURG
10000380100015	039946.jpg	GOVERNOR	JOSH JONES
10000380100015	039946.jpg	GOVERNOR	KLEMENT TINAJ
10000380100015	039946.jpg	GOVERNOR	MICHAEL SHELLENBERGER
10000380100015	039946.jpg	GOVERNOR	NICKOLAS WILDSTAR
10000380100015	039946.jpg	GOVERNOR	PETER Y. LIU
10000380100015	039946.jpg	GOVERNOR	ROBERT C. NEWMAN, II
10000380100015	039946.jpg	GOVERNOR	ROBERT DAVIDSON GRIFFIS
10000380100015	039946.jpg	GOVERNOR	SHUBHAM GOEL
10000380100015	039946.jpg	GOVERNOR	THOMAS JEFFERSON CARES
10000380100015	039946.jpg	GOVERNOR	TRAVIS ALLEN
10000380100015	039946.jpg	GOVERNOR	WRITEIN
10000380100015	039946.jpg	GOVERNOR	YVONNE GIRARD
10000380100015	039946.jpg	GOVERNOR	ZOLTAN ISTVAN
10000380100015	039946.jpg	LIEUTENANT GOVERNOR	CAMERON GHARABIKLOU
10000380100015	039946.jpg	LIEUTENANT GOVERNOR	COLE HARRIS
10000380100015	039946.jpg	LIEUTENANT GOVERNOR	DANNY THOMAS
10000380100015	039946.jpg	LIEUTENANT GOVERNOR	DAVID FENNELL
10000380100015	039946.jpg	LIEUTENANT GOVERNOR	DAVID R. HERNANDEZ
10000380100015	039946.jpg	LIEUTENANT GOVERNOR	ED HERNANDEZ
10000380100015	039946.jpg	LIEUTENANT GOVERNOR	ELENI KOUNALAKIS
10000380100015	039946.jpg	LIEUTENANT GOVERNOR	GAYLE MCLAUGHLIN
10000380100015	039946.jpg	LIEUTENANT GOVERNOR	JEFF BLEICH
10000380100015	039946.jpg	LIEUTENANT GOVERNOR	LYDIA ORTEGA
10000380100015	039946.jpg	LIEUTENANT GOVERNOR	TIM FERREIRA
10000380100015	039946.jpg	LIEUTENANT GOVERNOR	WRITEIN
10000720100050	030956.jpg	GOVERNOR	AKINYEMI AGBEDE
10000720100050	030956.jpg	GOVERNOR	ALBERT CAESAR MEZZETTI
10000720100050	030956.jpg	GOVERNOR	AMANDA RENTERIA
10000720100050	030956.jpg	GOVERNOR	ANTONIO VILLARAIGOSA
10000720100050	030956.jpg	GOVERNOR	CHRISTOPHER N. CARLSON
10000720100050	030956.jpg	GOVERNOR	DELAINE EASTIN
10000720100050	030956.jpg	GOVERNOR	DESMOND SILVEIRA
10000720100050	030956.jpg	GOVERNOR	GAVIN NEWSOM
10000720100050	030956.jpg	GOVERNOR	GLORIA ESTELA LA RIVA
10000720100050	030956.jpg	GOVERNOR	HAKAN "HAWK" MIKADO
10000720100050	030956.jpg	GOVERNOR	J. BRIBIESCA
10000720100050	030956.jpg	GOVERNOR	JEFFREY EDWARD TAYLOR
10000720100050	030956.jpg	GOVERNOR	JOHN CHIANG
10000720100050	030956.jpg	GOVERNOR	JOHN H. COX
10000720100050	030956.jpg	GOVERNOR	JOHNNY WATTENBURG
10000720100050	030956.jpg	GOVERNOR	JOSH JONES
10000720100050	030956.jpg	GOVERNOR	KLEMENT TINAJ
10000720100050	030956.jpg	GOVERNOR	MICHAEL SHELLENBERGER
10000720100050	030956.jpg	GOVERNOR	NICKOLAS WILDSTAR
10000720100050	030956.jpg	GOVERNOR	PETER Y. LIU
10000720100050	030956.jpg	GOVERNOR	ROBERT C. NEWMAN, II
10000720100050	030956.jpg	GOVERNOR	ROBERT DAVIDSON GRIFFIS
10000720100050	030956.jpg	GOVERNOR	SHUBHAM GOEL
10000720100050	030956.jpg	GOVERNOR	THOMAS JEFFERSON CARES
10000720100050	030956.jpg	GOVERNOR	TRAVIS ALLEN
10000720100050	030956.jpg	GOVERNOR	WRITEIN
10000720100050	030956.jpg	GOVERNOR	YVONNE GIRARD
10000720100050	030956.jpg	GOVERNOR	ZOLTAN ISTVAN
10000720100050	030956.jpg	LIEUTENANT GOVERNOR	CAMERON GHARABIKLOU
10000720100050	030956.jpg	LIEUTENANT GOVERNOR	COLE HARRIS
10000720100050	030956.jpg	LIEUTENANT GOVERNOR	DANNY THOMAS
10000720100050	030956.jpg	LIEUTENANT GOVERNOR	DAVID FENNELL
10000720100050	030956.jpg	LIEUTENANT GOVERNOR	DAVID R. HERNANDEZ
10000720100050	030956.jpg	LIEUTENANT GOVERNOR	ED HERNANDEZ
10000720100050	030956.jpg	LIEUTENANT GOVERNOR	ELENI KOUNALAKIS
10000720100050	030956.jpg	LIEUTENANT GOVERNOR	GAYLE MCLAUGHLIN
10000720100050	030956.jpg	LIEUTENANT GOVERNOR	JEFF BLEICH
10000720100050	030956.jpg	LIEUTENANT GOVERNOR	LYDIA ORTEGA
10000720100050	030956.jpg	LIEUTENANT GOVERNOR	TIM FERREIRA
10000720100050	030956.jpg	LIEUTENANT GOVERNOR	WRITEIN
10000810100045	067658.jpg	GOVERNOR	AKINYEMI AGBEDE
10000810100045	067658.jpg	GOVERNOR	ALBERT CAESAR MEZZETTI
10000810100045	067658.jpg	GOVERNOR	AMANDA RENTERIA
10000810100045	067658.jpg	GOVERNOR	ANTONIO VILLARAIGOSA
10000810100045	067658.jpg	GOVERNOR	CHRISTOPHER N. CARLSON
10000810100045	067658.jpg	GOVERNOR	DELAINE EASTIN
10000810100045	067658.jpg	GOVERNOR	DESMOND SILVEIRA
10000810100045	067658.jpg	GOVERNOR	GAVIN NEWSOM
10000810100045	067658.jpg	GOVERNOR	GLORIA ESTELA LA RIVA
10000810100045	067658.jpg	GOVERNOR	HAKAN "HAWK" MIKADO
10000810100045	067658.jpg	GOVERNOR	J. BRIBIESCA
10000810100045	067658.jpg	GOVERNOR	JEFFREY EDWARD TAYLOR
10000810100045	067658.jpg	GOVERNOR	JOHN CHIANG
10000810100045	067658.jpg	GOVERNOR	JOHN H. COX
10000810100045	067658.jpg	GOVERNOR	JOHNNY WATTENBURG
10000810100045	067658.jpg	GOVERNOR	JOSH JONES
10000810100045	067658.jpg	GOVERNOR	KLEMENT TINAJ
10000810100045	067658.jpg	GOVERNOR	MICHAEL SHELLENBERGER
10000810100045	067658.jpg	GOVERNOR	NICKOLAS WILDSTAR
10000810100045	067658.jpg	GOVERNOR	PETER Y. LIU
10000810100045	067658.jpg	GOVERNOR	ROBERT C. NEWMAN, II
10000810100045	067658.jpg	GOVERNOR	ROBERT DAVIDSON GRIFFIS
10000810100045	067658.jpg	GOVERNOR	SHUBHAM GOEL
10000810100045	067658.jpg	GOVERNOR	THOMAS JEFFERSON CARES
10000810100045	067658.jpg	GOVERNOR	TRAVIS ALLEN
10000810100045	067658.jpg	GOVERNOR	WRITEIN
10000810100045	067658.jpg	GOVERNOR	YVONNE GIRARD
10000810100045	067658.jpg	GOVERNOR	ZOLTAN ISTVAN
10000810100045	067658.jpg	LIEUTENANT GOVERNOR	CAMERON GHARABIKLOU
10000810100045	067658.jpg	LIEUTENANT GOVERNOR	COLE HARRIS
10000810100045	067658.jpg	LIEUTENANT GOVERNOR	DANNY THOMAS
10000810100045	067658.jpg	LIEUTENANT GOVERNOR	DAVID FENNELL
10000810100045	067658.jpg	LIEUTENANT GOVERNOR	DAVID R. HERNANDEZ
10000810100045	067658.jpg	LIEUTENANT GOVERNOR	ED HERNANDEZ
10000810100045	067658.jpg	LIEUTENANT GOVERNOR	ELENI KOUNALAKIS
10000810100045	067658.jpg	LIEUTENANT GOVERNOR	GAYLE MCLAUGHLIN
10000810100045	067658.jpg	LIEUTENANT GOVERNOR	JEFF BLEICH
10000810100045	067658.jpg	LIEUTENANT GOVERNOR	LYDIA ORTEGA
10000810100045	067658.jpg	LIEUTENANT GOVERNOR	TIM FERREIRA
10000810100045	067658.jpg	LIEUTENANT GOVERNOR	WRITEIN
10001020100098	008902.jpg	GOVERNOR	AKINYEMI AGBEDE
10001020100098	008902.jpg	GOVERNOR	ALBERT CAESAR MEZZETTI
10001020100098	008902.jpg	GOVERNOR	AMANDA RENTERIA
10001020100098	008902.jpg	GOVERNOR	ANTONIO VILLARAIGOSA
10001020100098	008902.jpg	GOVERNOR	CHRISTOPHER N. CARLSON
10001020100098	008902.jpg	GOVERNOR	DELAINE EASTIN
10001020100098	008902.jpg	GOVERNOR	DESMOND SILVEIRA
10001020100098	008902.jpg	GOVERNOR	GAVIN NEWSOM
10001020100098	008902.jpg	GOVERNOR	GLORIA ESTELA LA RIVA
10001020100098	008902.jpg	GOVERNOR	HAKAN "HAWK" MIKADO
10001020100098	008902.jpg	GOVERNOR	J. BRIBIESCA
10001020100098	008902.jpg	GOVERNOR	JEFFREY EDWARD TAYLOR
10001020100098	008902.jpg	GOVERNOR	JOHN CHIANG
10001020100098	008902.jpg	GOVERNOR	JOHN H. COX
10001020100098	008902.jpg	GOVERNOR	JOHNNY WATTENBURG
10001020100098	008902.jpg	GOVERNOR	JOSH JONES
10001020100098	008902.jpg	GOVERNOR	KLEMENT TINAJ
10001020100098	008902.jpg	GOVERNOR	MICHAEL SHELLENBERGER
10001020100098	008902.jpg	GOVERNOR	NICKOLAS WILDSTAR
10001020100098	008902.jpg	GOVERNOR	PETER Y. LIU
10001020100098	008902.jpg	GOVERNOR	ROBERT C. NEWMAN, II
10001020100098	008902.jpg	GOVERNOR	ROBERT DAVIDSON GRIFFIS
10001020100098	008902.jpg	GOVERNOR	SHUBHAM GOEL
10001020100098	008902.jpg	GOVERNOR	THOMAS JEFFERSON CARES
10001020100098	008902.jpg	GOVERNOR	TRAVIS ALLEN
10001020100098	008902.jpg	GOVERNOR	WRITEIN
10001020100098	008902.jpg	GOVERNOR	YVONNE GIRARD
10001020100098	008902.jpg	GOVERNOR	ZOLTAN ISTVAN
10001020100098	008902.jpg	LIEUTENANT GOVERNOR	CAMERON GHARABIKLOU
10001020100098	008902.jpg	LIEUTENANT GOVERNOR	COLE HARRIS
10001020100098	008902.jpg	LIEUTENANT GOVERNOR	DANNY THOMAS
10001020100098	008902.jpg	LIEUTENANT GOVERNOR	DAVID FENNELL
10001020100098	008902.jpg	LIEUTENANT GOVERNOR	DAVID R. HERNANDEZ
10001020100098	008902.jpg	LIEUTENANT GOVERNOR	ED HERNANDEZ
10001020100098	008902.jpg	LIEUTENANT GOVERNOR	ELENI KOUNALAKIS
10001020100098	008902.jpg	LIEUTENANT GOVERNOR	GAYLE MCLAUGHLIN
10001020100098	008902.jpg	LIEUTENANT GOVERNOR	JEFF BLEICH
10001020100098	008902.jpg	LIEUTENANT GOVERNOR	LYDIA ORTEGA
10001020100098	008902.jpg	LIEUTENANT GOVERNOR	TIM FERREIRA
10001020100098	008902.jpg	LIEUTENANT GOVERNOR	WRITEIN
20000010300013	041188.jpg	ASSESSOR	MARI A. WILSON
20000010300013	041188.jpg	ASSESSOR	WRITEIN
20000010300013	041188.jpg	AUDITOR-CONTROLLER	KAREN PAZ DOMINGUEZ
20000010300013	041188.jpg	AUDITOR-CONTROLLER	MIKE LORIG
20000010300013	041188.jpg	AUDITOR-CONTROLLER	WRITEIN
20000010300013	041188.jpg	JUDGE OF THE SUPERIOR COURT	LATHE GILL
20000010300013	041188.jpg	JUDGE OF THE SUPERIOR COURT	LAWRENCE KILLORAN
20000010300013	041188.jpg	JUDGE OF THE SUPERIOR COURT	WRITEIN
20000010300013	041188.jpg	MEMBER OF THE STATE ASSEMBLY	JIM WOOD
20000010300013	041188.jpg	MEMBER OF THE STATE ASSEMBLY	MATT HEATH
20000010300013	041188.jpg	MEMBER OF THE STATE ASSEMBLY	WRITEIN
20000010300013	041188.jpg	STATE SENATOR	MIKE MCGUIRE
20000010300013	041188.jpg	STATE SENATOR	VERONICA "RONI" JACOBI
20000010300013	041188.jpg	STATE SENATOR	WRITEIN
20000010300013	041188.jpg	SUPERINTENDENT OF PUBLIC INSTRUCTION	LILY (ESPINOZA) PLOSKI
20000010300013	041188.jpg	SUPERINTENDENT OF PUBLIC INSTRUCTION	MARSHALL TUCK
20000010300013	041188.jpg	SUPERINTENDENT OF PUBLIC INSTRUCTION	STEVEN IRELAND
20000010300013	041188.jpg	SUPERINTENDENT OF PUBLIC INSTRUCTION	TONY K. THURMOND
20000010300013	041188.jpg	SUPERINTENDENT OF PUBLIC INSTRUCTION	WRITEIN
20000010300013	041188.jpg	SUPERINTENDENT OF SCHOOLS	CHRISTOPHER HARTLEY
20000010300013	041188.jpg	SUPERINTENDENT OF SCHOOLS	WRITEIN
20000010300013	041188.jpg	UNITED STATE REPRESENTATIVE	ANDY CAFFREY
20000010300013	041188.jpg	UNITED STATE REPRESENTATIVE	DALE K. MENSING
20000010300013	041188.jpg	UNITED STATE REPRESENTATIVE	JARED HUFFMAN
20000010300013	041188.jpg	UNITED STATE REPRESENTATIVE	WRITEIN
20000010300013	041188.jpg	UNITED STATE SENATOR	ADRIENNE NICOLE EDWARDS
20000010300013	041188.jpg	UNITED STATE SENATOR	ALISON HARTSON
20000010300013	041188.jpg	UNITED STATE SENATOR	ARUN K. BHUMITRA
20000010300013	041188.jpg	UNITED STATE SENATOR	COLLEEN SHEA FERNALD
20000010300013	041188.jpg	UNITED STATE SENATOR	DAVID HILDEBRAND
20000010300013	041188.jpg	UNITED STATE SENATOR	DAVID MOORE
20000010300013	041188.jpg	UNITED STATE SENATOR	DERRICK MICHAEL REID
20000010300013	041188.jpg	UNITED STATE SENATOR	DIANNE FEINSTEIN
20000010300013	041188.jpg	UNITED STATE SENATOR	DON J. GRUNDMANN
20000010300013	041188.jpg	UNITED STATE SENATOR	DONNIE O. TURNER
20000010300013	041188.jpg	UNITED STATE SENATOR	DOUGLAS HOWARD PIERCE
20000010300013	041188.jpg	UNITED STATE SENATOR	ERIN CRUZ
20000010300013	041188.jpg	UNITED STATE SENATOR	GERALD PLUMMER
20000010300013	041188.jpg	UNITED STATE SENATOR	HERBERT G. PETERS
20000010300013	041188.jpg	UNITED STATE SENATOR	JAMES P. BRADLEY
20000010300013	041188.jpg	UNITED STATE SENATOR	JASON M. HANANIA
20000010300013	041188.jpg	UNITED STATE SENATOR	JERRY JOSEPH LAWS
20000010300013	041188.jpg	UNITED STATE SENATOR	JOHN "JACK" CREW
20000010300013	041188.jpg	UNITED STATE SENATOR	JOHN THOMPSON PARKER
20000010300013	041188.jpg	UNITED STATE SENATOR	KEVIN DE LEON
20000010300013	041188.jpg	UNITED STATE SENATOR	KEVIN MOTTUS
20000010300013	041188.jpg	UNITED STATE SENATOR	LEE OLSON
20000010300013	041188.jpg	UNITED STATE SENATOR	LING LING SHI
20000010300013	041188.jpg	UNITED STATE SENATOR	MARIO NABLIBA
20000010300013	041188.jpg	UNITED STATE SENATOR	MICHAEL FAHMY GIRGIS
20000010300013	041188.jpg	UNITED STATE SENATOR	PAT HARRIS
20000010300013	041188.jpg	UNITED STATE SENATOR	PATRICK LITTLE
20000010300013	041188.jpg	UNITED STATE SENATOR	PAUL A. TAYLOR
20000010300013	041188.jpg	UNITED STATE SENATOR	RASH BIHARI GHOSH
20000010300013	041188.jpg	UNITED STATE SENATOR	ROQUE "ROCKY" DE LA FUENTE
20000010300013	041188.jpg	UNITED STATE SENATOR	TIM GILDERSLEEVE
20000010300013	041188.jpg	UNITED STATE SENATOR	TOM PALZER
20000010300013	041188.jpg	UNITED STATE SENATOR	WRITEIN
20000660300020	069428.jpg	JUDGE OF THE SUPERIOR COURT	LATHE GILL
20000660300020	069428.jpg	JUDGE OF THE SUPERIOR COURT	LAWRENCE KILLORAN
20000660300020	069428.jpg	JUDGE OF THE SUPERIOR COURT	WRITEIN
20000660300020	069432.jpg	JUDGE OF THE SUPERIOR COURT	LATHE GILL
20000660300020	069432.jpg	JUDGE OF THE SUPERIOR COURT	LAWRENCE KILLORAN
20000660300020	069432.jpg	JUDGE OF THE SUPERIOR COURT	WRITEIN
20000660300020	069436.jpg	JUDGE OF THE SUPERIOR COURT	LATHE GILL
20000660300020	069436.jpg	JUDGE OF THE SUPERIOR COURT	LAWRENCE KILLORAN
20000660300020	069436.jpg	JUDGE OF THE SUPERIOR COURT	WRITEIN
20000660300020	069440.jpg	JUDGE OF THE SUPERIOR COURT	LATHE GILL
20000660300020	069440.jpg	JUDGE OF THE SUPERIOR COURT	LAWRENCE KILLORAN
20000660300020	069440.jpg	JUDGE OF THE SUPERIOR COURT	WRITEIN
20000660300020	069444.jpg	JUDGE OF THE SUPERIOR COURT	LATHE GILL
20000660300020	069444.jpg	JUDGE OF THE SUPERIOR COURT	LAWRENCE KILLORAN
20000660300020	069444.jpg	JUDGE OF THE SUPERIOR COURT	WRITEIN
20000660300020	069448.jpg	JUDGE OF THE SUPERIOR COURT	LATHE GILL
20000660300020	069448.jpg	JUDGE OF THE SUPERIOR COURT	LAWRENCE KILLORAN
20000660300020	069448.jpg	JUDGE OF THE SUPERIOR COURT	WRITEIN
20000660300020	069452.jpg	JUDGE OF THE SUPERIOR COURT	LATHE GILL
20000660300020	069452.jpg	JUDGE OF THE SUPERIOR COURT	LAWRENCE KILLORAN
20000660300020	069452.jpg	JUDGE OF THE SUPERIOR COURT	WRITEIN
20000660300020	069456.jpg	JUDGE OF THE SUPERIOR COURT	LATHE GILL
20000660300020	069456.jpg	JUDGE OF THE SUPERIOR COURT	LAWRENCE KILLORAN
20000660300020	069456.jpg	JUDGE OF THE SUPERIOR COURT	WRITEIN
20000660300020	069460.jpg	JUDGE OF THE SUPERIOR COURT	LATHE GILL
20000660300020	069460.jpg	JUDGE OF THE SUPERIOR COURT	LAWRENCE KILLORAN
20000660300020	069460.jpg	JUDGE OF THE SUPERIOR COURT	WRITEIN
20000660300020	069464.jpg	JUDGE OF THE SUPERIOR COURT	LATHE GILL
20000660300020	069464.jpg	JUDGE OF THE SUPERIOR COURT	LAWRENCE KILLORAN
20000660300020	069464.jpg	JUDGE OF THE SUPERIOR COURT	WRITEIN
20000660300020	069468.jpg	JUDGE OF THE SUPERIOR COURT	LATHE GILL
20000660300020	069468.jpg	JUDGE OF THE SUPERIOR COURT	LAWRENCE KILLORAN
20000660300020	069468.jpg	JUDGE OF THE SUPERIOR COURT	WRITEIN
20000660300020	069472.jpg	JUDGE OF THE SUPERIOR COURT	LATHE GILL
20000660300020	069472.jpg	JUDGE OF THE SUPERIOR COURT	LAWRENCE KILLORAN
20000660300020	069472.jpg	JUDGE OF THE SUPERIOR COURT	WRITEIN
20000660300020	069476.jpg	JUDGE OF THE SUPERIOR COURT	LATHE GILL
20000660300020	069476.jpg	JUDGE OF THE SUPERIOR COURT	LAWRENCE KILLORAN
20000660300020	069476.jpg	JUDGE OF THE SUPERIOR COURT	WRITEIN
20000660300020	069480.jpg	JUDGE OF THE SUPERIOR COURT	LATHE GILL
20000660300020	069480.jpg	JUDGE OF THE SUPERIOR COURT	LAWRENCE KILLORAN
20000660300020	069480.jpg	JUDGE OF THE SUPERIOR COURT	WRITEIN
20000660300020	069484.jpg	JUDGE OF THE SUPERIOR COURT	LATHE GILL
20000660300020	069484.jpg	JUDGE OF THE SUPERIOR COURT	LAWRENCE KILLORAN
20000660300020	069484.jpg	JUDGE OF THE SUPERIOR COURT	WRITEIN
20000660300020	069488.jpg	JUDGE OF THE SUPERIOR COURT	LATHE GILL
20000660300020	069488.jpg	JUDGE OF THE SUPERIOR COURT	LAWRENCE KILLORAN
20000660300020	069488.jpg	JUDGE OF THE SUPERIOR COURT	WRITEIN
20000660300020	069492.jpg	JUDGE OF THE SUPERIOR COURT	LATHE GILL
20000660300020	069492.jpg	JUDGE OF THE SUPERIOR COURT	LAWRENCE KILLORAN
20000660300020	069492.jpg	JUDGE OF THE SUPERIOR COURT	WRITEIN
20000660300020	069496.jpg	JUDGE OF THE SUPERIOR COURT	LATHE GILL
20000660300020	069496.jpg	JUDGE OF THE SUPERIOR COURT	LAWRENCE KILLORAN
20000660300020	069496.jpg	JUDGE OF THE SUPERIOR COURT	WRITEIN
20000660300020	069500.jpg	JUDGE OF THE SUPERIOR COURT	LATHE GILL
20000660300020	069500.jpg	JUDGE OF THE SUPERIOR COURT	LAWRENCE KILLORAN
20000660300020	069500.jpg	JUDGE OF THE SUPERIOR COURT	WRITEIN
20000660300020	069504.jpg	JUDGE OF THE SUPERIOR COURT	LATHE GILL
20000660300020	069504.jpg	JUDGE OF THE SUPERIOR COURT	LAWRENCE KILLORAN
20000660300020	069504.jpg	JUDGE OF THE SUPERIOR COURT	WRITEIN
20000660300020	069508.jpg	JUDGE OF THE SUPERIOR COURT	LATHE GILL
20000660300020	069508.jpg	JUDGE OF THE SUPERIOR COURT	LAWRENCE KILLORAN
20000660300020	069508.jpg	JUDGE OF THE SUPERIOR COURT	WRITEIN
20000660300020	069512.jpg	JUDGE OF THE SUPERIOR COURT	LATHE GILL
20000660300020	069512.jpg	JUDGE OF THE SUPERIOR COURT	LAWRENCE KILLORAN
20000660300020	069512.jpg	JUDGE OF THE SUPERIOR COURT	WRITEIN
20000660300020	069516.jpg	JUDGE OF THE SUPERIOR COURT	LATHE GILL
20000660300020	069516.jpg	JUDGE OF THE SUPERIOR COURT	LAWRENCE KILLORAN
20000660300020	069516.jpg	JUDGE OF THE SUPERIOR COURT	WRITEIN
20000660300020	120174.jpg	JUDGE OF THE SUPERIOR COURT	LATHE GILL
20000660300020	120174.jpg	JUDGE OF THE SUPERIOR COURT	LAWRENCE KILLORAN
20000660300020	120174.jpg	JUDGE OF THE SUPERIOR COURT	WRITEIN
20000660300020	120178.jpg	JUDGE OF THE SUPERIOR COURT	LATHE GILL
20000660300020	120178.jpg	JUDGE OF THE SUPERIOR COURT	LAWRENCE KILLORAN
20000660300020	120178.jpg	JUDGE OF THE SUPERIOR COURT	WRITEIN
20000660300020	120182.jpg	JUDGE OF THE SUPERIOR COURT	LATHE GILL
20000660300020	120182.jpg	JUDGE OF THE SUPERIOR COURT	LAWRENCE KILLORAN
20000660300020	120182.jpg	JUDGE OF THE SUPERIOR COURT	WRITEIN
20000660300020	120186.jpg	JUDGE OF THE SUPERIOR COURT	LATHE GILL
20000660300020	120186.jpg	JUDGE OF THE SUPERIOR COURT	LAWRENCE KILLORAN
20000660300020	120186.jpg	JUDGE OF THE SUPERIOR COURT	WRITEIN
20000660300020	120190.jpg	JUDGE OF THE SUPERIOR COURT	LATHE GILL
20000660300020	120190.jpg	JUDGE OF THE SUPERIOR COURT	LAWRENCE KILLORAN
20000660300020	120190.jpg	JUDGE OF THE SUPERIOR COURT	WRITEIN
20000660300020	120194.jpg	JUDGE OF THE SUPERIOR COURT	LATHE GILL
20000660300020	120194.jpg	JUDGE OF THE SUPERIOR COURT	LAWRENCE KILLORAN
20000660300020	120194.jpg	JUDGE OF THE SUPERIOR COURT	WRITEIN
20000660300020	120198.jpg	JUDGE OF THE SUPERIOR COURT	LATHE GILL
20000660300020	120198.jpg	JUDGE OF THE SUPERIOR COURT	LAWRENCE KILLORAN
20000660300020	120198.jpg	JUDGE OF THE SUPERIOR COURT	WRITEIN
20000660300020	120202.jpg	JUDGE OF THE SUPERIOR COURT	LATHE GILL
20000660300020	120202.jpg	JUDGE OF THE SUPERIOR COURT	LAWRENCE KILLORAN
20000660300020	120202.jpg	JUDGE OF THE SUPERIOR COURT	WRITEIN
20000660300020	120206.jpg	JUDGE OF THE SUPERIOR COURT	LATHE GILL
20000660300020	120206.jpg	JUDGE OF THE SUPERIOR COURT	LAWRENCE KILLORAN
20000660300020	120206.jpg	JUDGE OF THE SUPERIOR COURT	WRITEIN
20000660300020	120210.jpg	JUDGE OF THE SUPERIOR COURT	LATHE GILL
20000660300020	120210.jpg	JUDGE OF THE SUPERIOR COURT	LAWRENCE KILLORAN
20000660300020	120210.jpg	JUDGE OF THE SUPERIOR COURT	WRITEIN
20000660300020	120214.jpg	JUDGE OF THE SUPERIOR COURT	LATHE GILL
20000660300020	120214.jpg	JUDGE OF THE SUPERIOR COURT	LAWRENCE KILLORAN
20000660300020	120214.jpg	JUDGE OF THE SUPERIOR COURT	WRITEIN
20000660300020	120218.jpg	JUDGE OF THE SUPERIOR COURT	LATHE GILL
20000660300020	120218.jpg	JUDGE OF THE SUPERIOR COURT	LAWRENCE KILLORAN
20000660300020	120218.jpg	JUDGE OF THE SUPERIOR COURT	WRITEIN
20000660300020	120222.jpg	JUDGE OF THE SUPERIOR COURT	LATHE GILL
20000660300020	120222.jpg	JUDGE OF THE SUPERIOR COURT	LAWRENCE KILLORAN
20000660300020	120222.jpg	JUDGE OF THE SUPERIOR COURT	WRITEIN
20000660300020	120226.jpg	JUDGE OF THE SUPERIOR COURT	LATHE GILL
20000660300020	120226.jpg	JUDGE OF THE SUPERIOR COURT	LAWRENCE KILLORAN
20000660300020	120226.jpg	JUDGE OF THE SUPERIOR COURT	WRITEIN
20000660300020	120230.jpg	JUDGE OF THE SUPERIOR COURT	LATHE GILL
20000660300020	120230.jpg	JUDGE OF THE SUPERIOR COURT	LAWRENCE KILLORAN
20000660300020	120230.jpg	JUDGE OF THE SUPERIOR COURT	WRITEIN
20000660300020	120234.jpg	JUDGE OF THE SUPERIOR COURT	LATHE GILL
20000660300020	120234.jpg	JUDGE OF THE SUPERIOR COURT	LAWRENCE KILLORAN
20000660300020	120234.jpg	JUDGE OF THE SUPERIOR COURT	WRITEIN
20000660300020	120238.jpg	JUDGE OF THE SUPERIOR COURT	LATHE GILL
20000660300020	120238.jpg	JUDGE OF THE SUPERIOR COURT	LAWRENCE KILLORAN
20000660300020	120238.jpg	JUDGE OF THE SUPERIOR COURT	WRITEIN
20000660300020	120242.jpg	JUDGE OF THE SUPERIOR COURT	LATHE GILL
20000660300020	120242.jpg	JUDGE OF THE SUPERIOR COURT	LAWRENCE KILLORAN
20000660300020	120242.jpg	JUDGE OF THE SUPERIOR COURT	WRITEIN
20000660300020	120246.jpg	JUDGE OF THE SUPERIOR COURT	LATHE GILL
20000660300020	120246.jpg	JUDGE OF THE SUPERIOR COURT	LAWRENCE KILLORAN
20000660300020	120246.jpg	JUDGE OF THE SUPERIOR COURT	WRITEIN
20000660300020	120250.jpg	JUDGE OF THE SUPERIOR COURT	LATHE GILL
20000660300020	120250.jpg	JUDGE OF THE SUPERIOR COURT	LAWRENCE KILLORAN
20000660300020	120250.jpg	JUDGE OF THE SUPERIOR COURT	WRITEIN
20000660300020	120254.jpg	JUDGE OF THE SUPERIOR COURT	LATHE GILL
20000660300020	120254.jpg	JUDGE OF THE SUPERIOR COURT	LAWRENCE KILLORAN
20000660300020	120254.jpg	JUDGE OF THE SUPERIOR COURT	WRITEIN
20000660300020	120258.jpg	JUDGE OF THE SUPERIOR COURT	LATHE GILL
20000660300020	120258.jpg	JUDGE OF THE SUPERIOR COURT	LAWRENCE KILLORAN
20000660300020	120258.jpg	JUDGE OF THE SUPERIOR COURT	WRITEIN
20000660300020	120262.jpg	JUDGE OF THE SUPERIOR COURT	LATHE GILL
20000660300020	120262.jpg	JUDGE OF THE SUPERIOR COURT	LAWRENCE KILLORAN
20000660300020	120262.jpg	JUDGE OF THE SUPERIOR COURT	WRITEIN
20000660300020	120266.jpg	JUDGE OF THE SUPERIOR COURT	LATHE GILL
20000660300020	120266.jpg	JUDGE OF THE SUPERIOR COURT	LAWRENCE KILLORAN
20000660300020	120266.jpg	JUDGE OF THE SUPERIOR COURT	WRITEIN
20000660300020	120270.jpg	JUDGE OF THE SUPERIOR COURT	LATHE GILL
20000660300020	120270.jpg	JUDGE OF THE SUPERIOR COURT	LAWRENCE KILLORAN
20000660300020	120270.jpg	JUDGE OF THE SUPERIOR COURT	WRITEIN
20000660300020	120274.jpg	JUDGE OF THE SUPERIOR COURT	LATHE GILL
20000660300020	120274.jpg	JUDGE OF THE SUPERIOR COURT	LAWRENCE KILLORAN
20000660300020	120274.jpg	JUDGE OF THE SUPERIOR COURT	WRITEIN
20000660300020	120278.jpg	JUDGE OF THE SUPERIOR COURT	LATHE GILL
20000660300020	120278.jpg	JUDGE OF THE SUPERIOR COURT	LAWRENCE KILLORAN
20000660300020	120278.jpg	JUDGE OF THE SUPERIOR COURT	WRITEIN
20000660300020	120282.jpg	JUDGE OF THE SUPERIOR COURT	LATHE GILL
20000660300020	120282.jpg	JUDGE OF THE SUPERIOR COURT	LAWRENCE KILLORAN
20000660300020	120282.jpg	JUDGE OF THE SUPERIOR COURT	WRITEIN
20000660300020	120286.jpg	JUDGE OF THE SUPERIOR COURT	LATHE GILL
20000660300020	120286.jpg	JUDGE OF THE SUPERIOR COURT	LAWRENCE KILLORAN
20000660300020	120286.jpg	JUDGE OF THE SUPERIOR COURT	WRITEIN
20000660300020	120290.jpg	JUDGE OF THE SUPERIOR COURT	LATHE GILL
20000660300020	120290.jpg	JUDGE OF THE SUPERIOR COURT	LAWRENCE KILLORAN
20000660300020	120290.jpg	JUDGE OF THE SUPERIOR COURT	WRITEIN
20000660300020	120294.jpg	JUDGE OF THE SUPERIOR COURT	LATHE GILL
20000660300020	120294.jpg	JUDGE OF THE SUPERIOR COURT	LAWRENCE KILLORAN
20000660300020	120294.jpg	JUDGE OF THE SUPERIOR COURT	WRITEIN
20000660300020	120298.jpg	JUDGE OF THE SUPERIOR COURT	LATHE GILL
20000660300020	120298.jpg	JUDGE OF THE SUPERIOR COURT	LAWRENCE KILLORAN
20000660300020	120298.jpg	JUDGE OF THE SUPERIOR COURT	WRITEIN
20000660300020	120302.jpg	JUDGE OF THE SUPERIOR COURT	LATHE GILL
20000660300020	120302.jpg	JUDGE OF THE SUPERIOR COURT	LAWRENCE KILLORAN
20000660300020	120302.jpg	JUDGE OF THE SUPERIOR COURT	WRITEIN
20000660300020	120306.jpg	JUDGE OF THE SUPERIOR COURT	LATHE GILL
20000660300020	120306.jpg	JUDGE OF THE SUPERIOR COURT	LAWRENCE KILLORAN
20000660300020	120306.jpg	JUDGE OF THE SUPERIOR COURT	WRITEIN
20000720300049	031336.jpg	ASSESSOR	MARI A. WILSON
20000720300049	031336.jpg	ASSESSOR	WRITEIN
20000720300049	031336.jpg	AUDITOR-CONTROLLER	KAREN PAZ DOMINGUEZ
20000720300049	031336.jpg	AUDITOR-CONTROLLER	MIKE LORIG
20000720300049	031336.jpg	AUDITOR-CONTROLLER	WRITEIN
20000720300049	031336.jpg	JUDGE OF THE SUPERIOR COURT	LATHE GILL
20000720300049	031336.jpg	JUDGE OF THE SUPERIOR COURT	LAWRENCE KILLORAN
20000720300049	031336.jpg	JUDGE OF THE SUPERIOR COURT	WRITEIN
20000720300049	031336.jpg	MEMBER OF THE STATE ASSEMBLY	JIM WOOD
20000720300049	031336.jpg	MEMBER OF THE STATE ASSEMBLY	MATT HEATH
20000720300049	031336.jpg	MEMBER OF THE STATE ASSEMBLY	WRITEIN
20000720300049	031336.jpg	STATE SENATOR	MIKE MCGUIRE
20000720300049	031336.jpg	STATE SENATOR	VERONICA "RONI" JACOBI
20000720300049	031336.jpg	STATE SENATOR	WRITEIN
20000720300049	031336.jpg	SUPERINTENDENT OF PUBLIC INSTRUCTION	LILY (ESPINOZA) PLOSKI
20000720300049	031336.jpg	SUPERINTENDENT OF PUBLIC INSTRUCTION	MARSHALL TUCK
20000720300049	031336.jpg	SUPERINTENDENT OF PUBLIC INSTRUCTION	STEVEN IRELAND
20000720300049	031336.jpg	SUPERINTENDENT OF PUBLIC INSTRUCTION	TONY K. THURMOND
20000720300049	031336.jpg	SUPERINTENDENT OF PUBLIC INSTRUCTION	WRITEIN
20000720300049	031336.jpg	SUPERINTENDENT OF SCHOOLS	CHRISTOPHER HARTLEY
20000720300049	031336.jpg	SUPERINTENDENT OF SCHOOLS	WRITEIN
20000720300049	031336.jpg	UNITED STATE REPRESENTATIVE	ANDY CAFFREY
20000720300049	031336.jpg	UNITED STATE REPRESENTATIVE	DALE K. MENSING
20000720300049	031336.jpg	UNITED STATE REPRESENTATIVE	JARED HUFFMAN
20000720300049	031336.jpg	UNITED STATE REPRESENTATIVE	WRITEIN
20000720300049	031336.jpg	UNITED STATE SENATOR	ADRIENNE NICOLE EDWARDS
20000720300049	031336.jpg	UNITED STATE SENATOR	ALISON HARTSON
20000720300049	031336.jpg	UNITED STATE SENATOR	ARUN K. BHUMITRA
20000720300049	031336.jpg	UNITED STATE SENATOR	COLLEEN SHEA FERNALD
20000720300049	031336.jpg	UNITED STATE SENATOR	DAVID HILDEBRAND
20000720300049	031336.jpg	UNITED STATE SENATOR	DAVID MOORE
20000720300049	031336.jpg	UNITED STATE SENATOR	DERRICK MICHAEL REID
20000720300049	031336.jpg	UNITED STATE SENATOR	DIANNE FEINSTEIN
20000720300049	031336.jpg	UNITED STATE SENATOR	DON J. GRUNDMANN
20000720300049	031336.jpg	UNITED STATE SENATOR	DONNIE O. TURNER
20000720300049	031336.jpg	UNITED STATE SENATOR	DOUGLAS HOWARD PIERCE
20000720300049	031336.jpg	UNITED STATE SENATOR	ERIN CRUZ
20000720300049	031336.jpg	UNITED STATE SENATOR	GERALD PLUMMER
20000720300049	031336.jpg	UNITED STATE SENATOR	HERBERT G. PETERS
20000720300049	031336.jpg	UNITED STATE SENATOR	JAMES P. BRADLEY
20000720300049	031336.jpg	UNITED STATE SENATOR	JASON M. HANANIA
20000720300049	031336.jpg	UNITED STATE SENATOR	JERRY JOSEPH LAWS
20000720300049	031336.jpg	UNITED STATE SENATOR	JOHN "JACK" CREW
20000720300049	031336.jpg	UNITED STATE SENATOR	JOHN THOMPSON PARKER
20000720300049	031336.jpg	UNITED STATE SENATOR	KEVIN DE LEON
20000720300049	031336.jpg	UNITED STATE SENATOR	KEVIN MOTTUS
20000720300049	031336.jpg	UNITED STATE SENATOR	LEE OLSON
20000720300049	031336.jpg	UNITED STATE SENATOR	LING LING SHI
20000720300049	031336.jpg	UNITED STATE SENATOR	MARIO NABLIBA
20000720300049	031336.jpg	UNITED STATE SENATOR	MICHAEL FAHMY GIRGIS
20000720300049	031336.jpg	UNITED STATE SENATOR	PAT HARRIS
20000720300049	031336.jpg	UNITED STATE SENATOR	PATRICK LITTLE
20000720300049	031336.jpg	UNITED STATE SENATOR	PAUL A. TAYLOR
20000720300049	031336.jpg	UNITED STATE SENATOR	RASH BIHARI GHOSH
20000720300049	031336.jpg	UNITED STATE SENATOR	ROQUE "ROCKY" DE LA FUENTE
20000720300049	031336.jpg	UNITED STATE SENATOR	TIM GILDERSLEEVE
20000720300049	031336.jpg	UNITED STATE SENATOR	TOM PALZER
20000720300049	031336.jpg	UNITED STATE SENATOR	WRITEIN
20000720300049	031476.jpg	ASSESSOR	MARI A. WILSON
20000720300049	031476.jpg	ASSESSOR	WRITEIN
20000720300049	031476.jpg	AUDITOR-CONTROLLER	KAREN PAZ DOMINGUEZ
20000720300049	031476.jpg	AUDITOR-CONTROLLER	MIKE LORIG
20000720300049	031476.jpg	AUDITOR-CONTROLLER	WRITEIN
20000720300049	031476.jpg	JUDGE OF THE SUPERIOR COURT	LATHE GILL
20000720300049	031476.jpg	JUDGE OF THE SUPERIOR COURT	LAWRENCE KILLORAN
20000720300049	031476.jpg	JUDGE OF THE SUPERIOR COURT	WRITEIN
20000720300049	031476.jpg	MEMBER OF THE STATE ASSEMBLY	JIM WOOD
20000720300049	031476.jpg	MEMBER OF THE STATE ASSEMBLY	MATT HEATH
20000720300049	031476.jpg	MEMBER OF THE STATE ASSEMBLY	WRITEIN
20000720300049	031476.jpg	STATE SENATOR	MIKE MCGUIRE
20000720300049	031476.jpg	STATE SENATOR	VERONICA "RONI" JACOBI
20000720300049	031476.jpg	STATE SENATOR	WRITEIN
20000720300049	031476.jpg	SUPERINTENDENT OF PUBLIC INSTRUCTION	LILY (ESPINOZA) PLOSKI
20000720300049	031476.jpg	SUPERINTENDENT OF PUBLIC INSTRUCTION	MARSHALL TUCK
20000720300049	031476.jpg	SUPERINTENDENT OF PUBLIC INSTRUCTION	STEVEN IRELAND
20000720300049	031476.jpg	SUPERINTENDENT OF PUBLIC INSTRUCTION	TONY K. THURMOND
20000720300049	031476.jpg	SUPERINTENDENT OF PUBLIC INSTRUCTION	WRITEIN
20000720300049	031476.jpg	SUPERINTENDENT OF SCHOOLS	CHRISTOPHER HARTLEY
20000720300049	031476.jpg	SUPERINTENDENT OF SCHOOLS	WRITEIN
20000720300049	031476.jpg	UNITED STATE REPRESENTATIVE	ANDY CAFFREY
20000720300049	031476.jpg	UNITED STATE REPRESENTATIVE	DALE K. MENSING
20000720300049	031476.jpg	UNITED STATE REPRESENTATIVE	JARED HUFFMAN
20000720300049	031476.jpg	UNITED STATE REPRESENTATIVE	WRITEIN
20000720300049	031476.jpg	UNITED STATE SENATOR	ADRIENNE NICOLE EDWARDS
20000720300049	031476.jpg	UNITED STATE SENATOR	ALISON HARTSON
20000720300049	031476.jpg	UNITED STATE SENATOR	ARUN K. BHUMITRA
20000720300049	031476.jpg	UNITED STATE SENATOR	COLLEEN SHEA FERNALD
20000720300049	031476.jpg	UNITED STATE SENATOR	DAVID HILDEBRAND
20000720300049	031476.jpg	UNITED STATE SENATOR	DAVID MOORE
20000720300049	031476.jpg	UNITED STATE SENATOR	DERRICK MICHAEL REID
20000720300049	031476.jpg	UNITED STATE SENATOR	DIANNE FEINSTEIN
20000720300049	031476.jpg	UNITED STATE SENATOR	DON J. GRUNDMANN
20000720300049	031476.jpg	UNITED STATE SENATOR	DONNIE O. TURNER
20000720300049	031476.jpg	UNITED STATE SENATOR	DOUGLAS HOWARD PIERCE
20000720300049	031476.jpg	UNITED STATE SENATOR	ERIN CRUZ
20000720300049	031476.jpg	UNITED STATE SENATOR	GERALD PLUMMER
20000720300049	031476.jpg	UNITED STATE SENATOR	HERBERT G. PETERS
20000720300049	031476.jpg	UNITED STATE SENATOR	JAMES P. BRADLEY
20000720300049	031476.jpg	UNITED STATE SENATOR	JASON M. HANANIA
20000720300049	031476.jpg	UNITED STATE SENATOR	JERRY JOSEPH LAWS
20000720300049	031476.jpg	UNITED STATE SENATOR	JOHN "JACK" CREW
20000720300049	031476.jpg	UNITED STATE SENATOR	JOHN THOMPSON PARKER
20000720300049	031476.jpg	UNITED STATE SENATOR	KEVIN DE LEON
20000720300049	031476.jpg	UNITED STATE SENATOR	KEVIN MOTTUS
20000720300049	031476.jpg	UNITED STATE SENATOR	LEE OLSON
20000720300049	031476.jpg	UNITED STATE SENATOR	LING LING SHI
20000720300049	031476.jpg	UNITED STATE SENATOR	MARIO NABLIBA
20000720300049	031476.jpg	UNITED STATE SENATOR	MICHAEL FAHMY GIRGIS
20000720300049	031476.jpg	UNITED STATE SENATOR	PAT HARRIS
20000720300049	031476.jpg	UNITED STATE SENATOR	PATRICK LITTLE
20000720300049	031476.jpg	UNITED STATE SENATOR	PAUL A. TAYLOR
20000720300049	031476.jpg	UNITED STATE SENATOR	RASH BIHARI GHOSH
20000720300049	031476.jpg	UNITED STATE SENATOR	ROQUE "ROCKY" DE LA FUENTE
20000720300049	031476.jpg	UNITED STATE SENATOR	TIM GILDERSLEEVE
20000720300049	031476.jpg	UNITED STATE SENATOR	TOM PALZER
20000720300049	031476.jpg	UNITED STATE SENATOR	WRITEIN
20000740300091	120774.jpg	ASSESSOR	MARI A. WILSON
20000740300091	120774.jpg	ASSESSOR	WRITEIN
20000740300091	120774.jpg	AUDITOR-CONTROLLER	KAREN PAZ DOMINGUEZ
20000740300091	120774.jpg	AUDITOR-CONTROLLER	MIKE LORIG
20000740300091	120774.jpg	AUDITOR-CONTROLLER	WRITEIN
20000740300091	120774.jpg	JUDGE OF THE SUPERIOR COURT	LATHE GILL
20000740300091	120774.jpg	JUDGE OF THE SUPERIOR COURT	LAWRENCE KILLORAN
20000740300091	120774.jpg	JUDGE OF THE SUPERIOR COURT	WRITEIN
20000740300091	120774.jpg	MEMBER OF THE STATE ASSEMBLY	JIM WOOD
20000740300091	120774.jpg	MEMBER OF THE STATE ASSEMBLY	MATT HEATH
20000740300091	120774.jpg	MEMBER OF THE STATE ASSEMBLY	WRITEIN
20000740300091	120774.jpg	STATE SENATOR	MIKE MCGUIRE
20000740300091	120774.jpg	STATE SENATOR	VERONICA "RONI" JACOBI
20000740300091	120774.jpg	STATE SENATOR	WRITEIN
20000740300091	120774.jpg	SUPERINTENDENT OF PUBLIC INSTRUCTION	LILY (ESPINOZA) PLOSKI
20000740300091	120774.jpg	SUPERINTENDENT OF PUBLIC INSTRUCTION	MARSHALL TUCK
20000740300091	120774.jpg	SUPERINTENDENT OF PUBLIC INSTRUCTION	STEVEN IRELAND
20000740300091	120774.jpg	SUPERINTENDENT OF PUBLIC INSTRUCTION	TONY K. THURMOND
20000740300091	120774.jpg	SUPERINTENDENT OF PUBLIC INSTRUCTION	WRITEIN
20000740300091	120774.jpg	SUPERINTENDENT OF SCHOOLS	CHRISTOPHER HARTLEY
20000740300091	120774.jpg	SUPERINTENDENT OF SCHOOLS	WRITEIN
20000740300091	120774.jpg	UNITED STATE REPRESENTATIVE	ANDY CAFFREY
20000740300091	120774.jpg	UNITED STATE REPRESENTATIVE	DALE K. MENSING
20000740300091	120774.jpg	UNITED STATE REPRESENTATIVE	JARED HUFFMAN
20000740300091	120774.jpg	UNITED STATE REPRESENTATIVE	WRITEIN
20000740300091	120774.jpg	UNITED STATE SENATOR	ADRIENNE NICOLE EDWARDS
20000740300091	120774.jpg	UNITED STATE SENATOR	ALISON HARTSON
20000740300091	120774.jpg	UNITED STATE SENATOR	ARUN K. BHUMITRA
20000740300091	120774.jpg	UNITED STATE SENATOR	COLLEEN SHEA FERNALD
20000740300091	120774.jpg	UNITED STATE SENATOR	DAVID HILDEBRAND
20000740300091	120774.jpg	UNITED STATE SENATOR	DAVID MOORE
20000740300091	120774.jpg	UNITED STATE SENATOR	DERRICK MICHAEL REID
20000740300091	120774.jpg	UNITED STATE SENATOR	DIANNE FEINSTEIN
20000740300091	120774.jpg	UNITED STATE SENATOR	DON J. GRUNDMANN
20000740300091	120774.jpg	UNITED STATE SENATOR	DONNIE O. TURNER
20000740300091	120774.jpg	UNITED STATE SENATOR	DOUGLAS HOWARD PIERCE
20000740300091	120774.jpg	UNITED STATE SENATOR	ERIN CRUZ
20000740300091	120774.jpg	UNITED STATE SENATOR	GERALD PLUMMER
20000740300091	120774.jpg	UNITED STATE SENATOR	HERBERT G. PETERS
20000740300091	120774.jpg	UNITED STATE SENATOR	JAMES P. BRADLEY
20000740300091	120774.jpg	UNITED STATE SENATOR	JASON M. HANANIA
20000740300091	120774.jpg	UNITED STATE SENATOR	JERRY JOSEPH LAWS
20000740300091	120774.jpg	UNITED STATE SENATOR	JOHN "JACK" CREW
20000740300091	120774.jpg	UNITED STATE SENATOR	JOHN THOMPSON PARKER
20000740300091	120774.jpg	UNITED STATE SENATOR	KEVIN DE LEON
20000740300091	120774.jpg	UNITED STATE SENATOR	KEVIN MOTTUS
20000740300091	120774.jpg	UNITED STATE SENATOR	LEE OLSON
20000740300091	120774.jpg	UNITED STATE SENATOR	LING LING SHI
20000740300091	120774.jpg	UNITED STATE SENATOR	MARIO NABLIBA
20000740300091	120774.jpg	UNITED STATE SENATOR	MICHAEL FAHMY GIRGIS
20000740300091	120774.jpg	UNITED STATE SENATOR	PAT HARRIS
20000740300091	120774.jpg	UNITED STATE SENATOR	PATRICK LITTLE
20000740300091	120774.jpg	UNITED STATE SENATOR	PAUL A. TAYLOR
20000740300091	120774.jpg	UNITED STATE SENATOR	RASH BIHARI GHOSH
20000740300091	120774.jpg	UNITED STATE SENATOR	ROQUE "ROCKY" DE LA FUENTE
20000740300091	120774.jpg	UNITED STATE SENATOR	TIM GILDERSLEEVE
20000740300091	120774.jpg	UNITED STATE SENATOR	TOM PALZER
20000740300091	120774.jpg	UNITED STATE SENATOR	WRITEIN
20001010400083	008375.jpg	AUDITOR-CONTROLLER	KAREN PAZ DOMINGUEZ
20001010400083	008375.jpg	AUDITOR-CONTROLLER	MIKE LORIG
20001010400083	008375.jpg	AUDITOR-CONTROLLER	WRITEIN
20001010400083	008375.jpg	CLERK, RECORDER, REGISTRAR OF VOTERS	KELLY E. SANDERS
20001010400083	008375.jpg	CLERK, RECORDER, REGISTRAR OF VOTERS	WRITEIN
20001010400083	008375.jpg	DISTRICT ATTORNEY	MAGGIE FLEMING
20001010400083	008375.jpg	DISTRICT ATTORNEY	WRITEIN
20001010400083	008375.jpg	PROPOSITION 68	NO
20001010400083	008375.jpg	PROPOSITION 68	YES
20001010400083	008375.jpg	PROPOSITION 69	NO
20001010400083	008375.jpg	PROPOSITION 69	YES
20001010400083	008375.jpg	PROPOSITION 70	NO
20001010400083	008375.jpg	PROPOSITION 70	YES
20001010400083	008375.jpg	PROPOSITION 71	NO
20001010400083	008375.jpg	PROPOSITION 71	YES
20001010400083	008375.jpg	PROPOSITION 72	NO
20001010400083	008375.jpg	PROPOSITION 72	YES
20001010400083	008375.jpg	SHERIFF, CORONER, PUBLIC ADMINISTRATOR	WILLIAM "BILLY" HONSAL
20001010400083	008375.jpg	SHERIFF, CORONER, PUBLIC ADMINISTRATOR	WRITEIN
20001010400083	008375.jpg	TREASURER-TAX COLLECTOR	JOHN BARTHOLOMEW
20001010400083	008375.jpg	TREASURER-TAX COLLECTOR	WRITEIN
20001040300042	088642.jpg	ASSESSOR	MARI A. WILSON
20001040300042	088642.jpg	ASSESSOR	WRITEIN
20001040300042	088642.jpg	JUDGE OF THE SUPERIOR COURT	LATHE GILL
20001040300042	088642.jpg	JUDGE OF THE SUPERIOR COURT	LAWRENCE KILLORAN
20001040300042	088642.jpg	JUDGE OF THE SUPERIOR COURT	WRITEIN
20001040300042	088642.jpg	MEMBER OF THE STATE ASSEMBLY	JIM WOOD
20001040300042	088642.jpg	MEMBER OF THE STATE ASSEMBLY	MATT HEATH
20001040300042	088642.jpg	MEMBER OF THE STATE ASSEMBLY	WRITEIN
20001040300042	088642.jpg	STATE SENATOR	MIKE MCGUIRE
20001040300042	088642.jpg	STATE SENATOR	VERONICA "RONI" JACOBI
20001040300042	088642.jpg	STATE SENATOR	WRITEIN
20001040300042	088642.jpg	SUPERINTENDENT OF PUBLIC INSTRUCTION	LILY (ESPINOZA) PLOSKI
20001040300042	088642.jpg	SUPERINTENDENT OF PUBLIC INSTRUCTION	MARSHALL TUCK
20001040300042	088642.jpg	SUPERINTENDENT OF PUBLIC INSTRUCTION	STEVEN IRELAND
20001040300042	088642.jpg	SUPERINTENDENT OF PUBLIC INSTRUCTION	TONY K. THURMOND
20001040300042	088642.jpg	SUPERINTENDENT OF PUBLIC INSTRUCTION	WRITEIN
20001040300042	088642.jpg	SUPERINTENDENT OF SCHOOLS	CHRISTOPHER HARTLEY
20001040300042	088642.jpg	SUPERINTENDENT OF SCHOOLS	WRITEIN
20001040300042	088642.jpg	SUPERVISOR DISTRICT FIVE	RYAN SUNDBERG
20001040300042	088642.jpg	SUPERVISOR DISTRICT FIVE	STEVE MADRONE
20001040300042	088642.jpg	SUPERVISOR DISTRICT FIVE	WRITEIN
20001040300042	088642.jpg	UNITED STATE REPRESENTATIVE	ANDY CAFFREY
20001040300042	088642.jpg	UNITED STATE REPRESENTATIVE	DALE K. MENSING
20001040300042	088642.jpg	UNITED STATE REPRESENTATIVE	JARED HUFFMAN
20001040300042	088642.jpg	UNITED STATE REPRESENTATIVE	WRITEIN
20001040300042	088642.jpg	UNITED STATE SENATOR	ADRIENNE NICOLE EDWARDS
20001040300042	088642.jpg	UNITED STATE SENATOR	ALISON HARTSON
20001040300042	088642.jpg	UNITED STATE SENATOR	ARUN K. BHUMITRA
20001040300042	088642.jpg	UNITED STATE SENATOR	COLLEEN SHEA FERNALD
20001040300042	088642.jpg	UNITED STATE SENATOR	DAVID HILDEBRAND
20001040300042	088642.jpg	UNITED STATE SENATOR	DAVID MOORE
20001040300042	088642.jpg	UNITED STATE SENATOR	DERRICK MICHAEL REID
20001040300042	088642.jpg	UNITED STATE SENATOR	DIANNE FEINSTEIN
20001040300042	088642.jpg	UNITED STATE SENATOR	DON J. GRUNDMANN
20001040300042	088642.jpg	UNITED STATE SENATOR	DONNIE O. TURNER
20001040300042	088642.jpg	UNITED STATE SENATOR	DOUGLAS HOWARD PIERCE
20001040300042	088642.jpg	UNITED STATE SENATOR	ERIN CRUZ
20001040300042	088642.jpg	UNITED STATE SENATOR	GERALD PLUMMER
20001040300042	088642.jpg	UNITED STATE SENATOR	HERBERT G. PETERS
20001040300042	088642.jpg	UNITED STATE SENATOR	JAMES P. BRADLEY
20001040300042	088642.jpg	UNITED STATE SENATOR	JASON M. HANANIA
20001040300042	088642.jpg	UNITED STATE SENATOR	JERRY JOSEPH LAWS
20001040300042	088642.jpg	UNITED STATE SENATOR	JOHN "JACK" CREW
20001040300042	088642.jpg	UNITED STATE SENATOR	JOHN THOMPSON PARKER
20001040300042	088642.jpg	UNITED STATE SENATOR	KEVIN DE LEON
20001040300042	088642.jpg	UNITED STATE SENATOR	KEVIN MOTTUS
20001040300042	088642.jpg	UNITED STATE SENATOR	LEE OLSON
20001040300042	088642.jpg	UNITED STATE SENATOR	LING LING SHI
20001040300042	088642.jpg	UNITED STATE SENATOR	MARIO NABLIBA
20001040300042	088642.jpg	UNITED STATE SENATOR	MICHAEL FAHMY GIRGIS
20001040300042	088642.jpg	UNITED STATE SENATOR	PAT HARRIS
20001040300042	088642.jpg	UNITED STATE SENATOR	PATRICK LITTLE
20001040300042	088642.jpg	UNITED STATE SENATOR	PAUL A. TAYLOR
20001040300042	088642.jpg	UNITED STATE SENATOR	RASH BIHARI GHOSH
20001040300042	088642.jpg	UNITED STATE SENATOR	ROQUE "ROCKY" DE LA FUENTE
20001040300042	088642.jpg	UNITED STATE SENATOR	TIM GILDERSLEEVE
20001040300042	088642.jpg	UNITED STATE SENATOR	TOM PALZER
20001040300042	088642.jpg	UNITED STATE SENATOR	WRITEIN
20001060400091	088975.jpg	AUDITOR-CONTROLLER	KAREN PAZ DOMINGUEZ
20001060400091	088975.jpg	AUDITOR-CONTROLLER	MIKE LORIG
20001060400091	088975.jpg	AUDITOR-CONTROLLER	WRITEIN
20001060400091	088975.jpg	CLERK, RECORDER, REGISTRAR OF VOTERS	KELLY E. SANDERS
20001060400091	088975.jpg	CLERK, RECORDER, REGISTRAR OF VOTERS	WRITEIN
20001060400091	088975.jpg	DISTRICT ATTORNEY	MAGGIE FLEMING
20001060400091	088975.jpg	DISTRICT ATTORNEY	WRITEIN
20001060400091	088975.jpg	PROPOSITION 68	NO
20001060400091	088975.jpg	PROPOSITION 68	YES
20001060400091	088975.jpg	PROPOSITION 69	NO
20001060400091	088975.jpg	PROPOSITION 69	YES
20001060400091	088975.jpg	PROPOSITION 70	NO
20001060400091	088975.jpg	PROPOSITION 70	YES
20001060400091	088975.jpg	PROPOSITION 71	NO
20001060400091	088975.jpg	PROPOSITION 71	YES
20001060400091	088975.jpg	PROPOSITION 72	NO
20001060400091	088975.jpg	PROPOSITION 72	YES
20001060400091	088975.jpg	SHERIFF, CORONER, PUBLIC ADMINISTRATOR	WILLIAM "BILLY" HONSAL
20001060400091	088975.jpg	SHERIFF, CORONER, PUBLIC ADMINISTRATOR	WRITEIN
20001060400091	088975.jpg	TREASURER-TAX COLLECTOR	JOHN BARTHOLOMEW
20001060400091	088975.jpg	TREASURER-TAX COLLECTOR	WRITEIN
20001180400052	005755.jpg	PROPOSITION 72	NO
20001180400052	005759.jpg	PROPOSITION 72	NO
20001180400052	005763.jpg	PROPOSITION 72	NO
20001180400052	005767.jpg	PROPOSITION 72	NO
20001180400052	005771.jpg	PROPOSITION 72	NO
20001180400052	005775.jpg	PROPOSITION 72	NO
20001180400052	005779.jpg	PROPOSITION 72	NO
20001180400052	005783.jpg	PROPOSITION 72	NO
20001180400052	005787.jpg	PROPOSITION 72	NO
20001180400052	005791.jpg	PROPOSITION 72	NO
20001180400052	005795.jpg	PROPOSITION 72	NO
20001180400052	005799.jpg	PROPOSITION 72	NO
20001180400052	005803.jpg	PROPOSITION 72	NO
20001180400052	005807.jpg	PROPOSITION 72	NO
20001180400052	005811.jpg	PROPOSITION 72	NO
20001180400052	005815.jpg	PROPOSITION 72	NO
20001180400052	005819.jpg	PROPOSITION 72	NO
20001180400052	005823.jpg	PROPOSITION 72	NO
20001180400052	005827.jpg	PROPOSITION 72	NO
20001180400052	005831.jpg	PROPOSITION 72	NO
20001180400052	005835.jpg	PROPOSITION 72	NO
20001180400052	005839.jpg	PROPOSITION 72	NO
20001180400052	005843.jpg	PROPOSITION 72	NO
20001180400052	005847.jpg	PROPOSITION 72	NO
20001180400052	005851.jpg	PROPOSITION 72	NO
20001180400052	005855.jpg	PROPOSITION 72	NO
20001180400052	005859.jpg	PROPOSITION 72	NO
20001180400052	005863.jpg	PROPOSITION 72	NO
20001180400052	005867.jpg	PROPOSITION 72	NO
20001180400052	005871.jpg	PROPOSITION 72	NO
20001180400052	005875.jpg	PROPOSITION 72	NO
20001180400052	005879.jpg	PROPOSITION 72	NO
20001180400052	005883.jpg	PROPOSITION 72	NO
20001180400052	005887.jpg	PROPOSITION 72	NO
20001180400052	005891.jpg	PROPOSITION 72	NO
20001180400052	005895.jpg	PROPOSITION 72	NO
20001180400052	005899.jpg	PROPOSITION 72	NO
20001180400052	005903.jpg	PROPOSITION 72	NO
20001180400052	005907.jpg	PROPOSITION 72	NO
20001180400052	005911.jpg	PROPOSITION 72	NO
20001180400052	005915.jpg	PROPOSITION 72	NO
20001180400052	005919.jpg	PROPOSITION 72	NO
20001180400052	005923.jpg	PROPOSITION 72	NO
20001180400052	005931.jpg	PROPOSITION 72	NO
20001180400052	005935.jpg	PROPOSITION 72	NO
20001180400052	005939.jpg	PROPOSITION 72	NO
20001180400052	005943.jpg	PROPOSITION 72	NO
20001180400052	005947.jpg	PROPOSITION 72	NO
20001180400052	005951.jpg	PROPOSITION 72	NO
20001180400052	005955.jpg	PROPOSITION 72	NO
20001180400052	005959.jpg	PROPOSITION 72	NO
20001180400052	005963.jpg	PROPOSITION 72	NO
20001180400052	005967.jpg	PROPOSITION 72	NO
20001180400052	005971.jpg	PROPOSITION 72	NO
20001180400052	005975.jpg	PROPOSITION 72	NO
20001180400052	005979.jpg	PROPOSITION 72	NO
20001180400052	005983.jpg	PROPOSITION 72	NO
20001180400052	005987.jpg	PROPOSITION 72	NO
20001180400052	005991.jpg	PROPOSITION 72	NO
20001180400052	005995.jpg	PROPOSITION 72	NO
20001180400052	005999.jpg	PROPOSITION 72	NO
20001180400052	006003.jpg	PROPOSITION 72	NO
20001180400052	006007.jpg	PROPOSITION 72	NO
20001180400052	006011.jpg	PROPOSITION 72	NO
20001180400052	006015.jpg	PROPOSITION 72	NO
20001180400052	006019.jpg	PROPOSITION 72	NO
20001180400052	006023.jpg	PROPOSITION 72	NO
20001180400052	006027.jpg	PROPOSITION 72	NO
20001180400052	006031.jpg	PROPOSITION 72	NO
20001180400052	006035.jpg	PROPOSITION 72	NO
20001180400052	006039.jpg	PROPOSITION 72	NO
20001180400052	006043.jpg	PROPOSITION 72	NO
20001180400052	006047.jpg	PROPOSITION 72	NO
20001180400052	006051.jpg	PROPOSITION 72	NO
20001180400052	006055.jpg	PROPOSITION 72	NO
20001180400052	006059.jpg	PROPOSITION 72	NO
20001180400052	006063.jpg	PROPOSITION 72	NO
20001180400052	006067.jpg	PROPOSITION 72	NO
20001180400052	006071.jpg	PROPOSITION 72	NO
20001180400052	006075.jpg	PROPOSITION 72	NO
20001180400052	006079.jpg	PROPOSITION 72	NO
20001180400052	006083.jpg	PROPOSITION 72	NO
20001180400052	006087.jpg	PROPOSITION 72	NO
20001180400052	006091.jpg	PROPOSITION 72	NO
20001180400052	006095.jpg	PROPOSITION 72	NO
20001180400052	006099.jpg	PROPOSITION 72	NO
20001180400052	006103.jpg	PROPOSITION 72	NO
20001180400052	006107.jpg	PROPOSITION 72	NO
20001180400052	006111.jpg	PROPOSITION 72	NO
20001180400052	006115.jpg	PROPOSITION 72	NO
20001180400052	006119.jpg	PROPOSITION 72	NO
20001180400052	006123.jpg	PROPOSITION 72	NO
20001180400052	006127.jpg	PROPOSITION 72	NO
20001180400052	006131.jpg	PROPOSITION 72	NO
20001180400052	006135.jpg	PROPOSITION 72	NO
20001180400052	006139.jpg	PROPOSITION 72	NO
20001180400052	006143.jpg	PROPOSITION 72	NO
20001180400052	006147.jpg	PROPOSITION 72	NO
20001180400052	006151.jpg	PROPOSITION 72	NO
20001180400052	006155.jpg	PROPOSITION 72	NO
20001180400052	006159.jpg	PROPOSITION 72	NO
20001180400052	006163.jpg	PROPOSITION 72	NO
20001180400052	006167.jpg	PROPOSITION 72	NO
20001180400052	006171.jpg	PROPOSITION 72	NO
20001180400052	006175.jpg	PROPOSITION 72	NO
20001180400052	006179.jpg	PROPOSITION 72	NO
20001180400052	006183.jpg	PROPOSITION 72	NO
20001180400052	006187.jpg	PROPOSITION 72	NO
20001180400052	006191.jpg	PROPOSITION 72	NO
20001180400052	006195.jpg	PROPOSITION 72	NO
20001180400052	006199.jpg	PROPOSITION 72	NO
20001180400052	006203.jpg	PROPOSITION 72	NO
20001180400052	006207.jpg	PROPOSITION 72	NO
20001180400052	006211.jpg	PROPOSITION 72	NO
20001180400052	006215.jpg	PROPOSITION 72	NO
20001180400052	006219.jpg	PROPOSITION 72	NO
20001180400052	014801.jpg	PROPOSITION 72	NO
20001180400052	014983.jpg	PROPOSITION 72	NO
20001180400052	014985.jpg	PROPOSITION 72	NO
20001180400052	014987.jpg	PROPOSITION 72	NO
20001180400052	014989.jpg	PROPOSITION 72	NO
20001180400052	014991.jpg	PROPOSITION 72	NO
20001180400052	014993.jpg	PROPOSITION 72	NO
20001180400052	014995.jpg	PROPOSITION 72	NO
20001180400052	014997.jpg	PROPOSITION 72	NO
20001180400052	014999.jpg	PROPOSITION 72	NO
20001180400052	015001.jpg	PROPOSITION 72	NO
20001180400052	015003.jpg	PROPOSITION 72	NO
20001180400052	015005.jpg	PROPOSITION 72	NO
20001180400052	015007.jpg	PROPOSITION 72	NO
20001180400052	015009.jpg	PROPOSITION 72	NO
20001180400052	015011.jpg	PROPOSITION 72	NO
20001180400052	015013.jpg	PROPOSITION 72	NO
20001180400052	015015.jpg	PROPOSITION 72	NO
20001180400052	015017.jpg	PROPOSITION 72	NO
20001180400052	015019.jpg	PROPOSITION 72	NO
20001180400052	015021.jpg	PROPOSITION 72	NO
20001180400052	015023.jpg	PROPOSITION 72	NO
20001180400052	015025.jpg	PROPOSITION 72	NO
20001180400052	015027.jpg	PROPOSITION 72	NO
20001180400052	015029.jpg	PROPOSITION 72	NO
20001180400052	015031.jpg	PROPOSITION 72	NO
20001180400052	015033.jpg	PROPOSITION 72	NO
20001180400052	015035.jpg	PROPOSITION 72	NO
20001180400052	015037.jpg	PROPOSITION 72	NO
20001180400052	015039.jpg	PROPOSITION 72	NO
20001180400052	015041.jpg	PROPOSITION 72	NO
20001180400052	015043.jpg	PROPOSITION 72	NO
20001180400052	015045.jpg	PROPOSITION 72	NO
20001180400052	015047.jpg	PROPOSITION 72	NO
20001180400052	015049.jpg	PROPOSITION 72	NO
20001180400052	015051.jpg	PROPOSITION 72	NO
20001180400052	015053.jpg	PROPOSITION 72	NO
20001180400052	015055.jpg	PROPOSITION 72	NO
20001180400052	015057.jpg	PROPOSITION 72	NO
20001180400052	015059.jpg	PROPOSITION 72	NO
20001180400052	015061.jpg	PROPOSITION 72	NO
20001180400052	015063.jpg	PROPOSITION 72	NO
20001180400052	015065.jpg	PROPOSITION 72	NO
20001180400052	015067.jpg	PROPOSITION 72	NO
20001180400052	015069.jpg	PROPOSITION 72	NO
20001180400052	015071.jpg	PROPOSITION 72	NO
20001180400052	015073.jpg	PROPOSITION 72	NO
20001180400052	015075.jpg	PROPOSITION 72	NO
20001180400052	015077.jpg	PROPOSITION 72	NO
20001180400052	015079.jpg	PROPOSITION 72	NO
20001180400052	015081.jpg	PROPOSITION 72	NO
20001180400052	015083.jpg	PROPOSITION 72	NO
20001180400052	015085.jpg	PROPOSITION 72	NO
20001180400052	015087.jpg	PROPOSITION 72	NO
20001180400052	015089.jpg	PROPOSITION 72	NO
20001180400052	015091.jpg	PROPOSITION 72	NO
20001180400052	015093.jpg	PROPOSITION 72	NO
20001180400052	015095.jpg	PROPOSITION 72	NO
20001180400052	015097.jpg	PROPOSITION 72	NO
20001180400052	015099.jpg	PROPOSITION 72	NO
20001180400052	015101.jpg	PROPOSITION 72	NO
20001180400052	015103.jpg	PROPOSITION 72	NO
20001180400052	015105.jpg	PROPOSITION 72	NO
20001180400052	015107.jpg	PROPOSITION 72	NO
20001180400052	015109.jpg	PROPOSITION 72	NO
20001180400052	015111.jpg	PROPOSITION 72	NO
20001180400052	015113.jpg	PROPOSITION 72	NO
20001180400052	015115.jpg	PROPOSITION 72	NO
20001180400052	015117.jpg	PROPOSITION 72	NO
20001180400052	015119.jpg	PROPOSITION 72	NO
20001180400052	015121.jpg	PROPOSITION 72	NO
20001180400052	015123.jpg	PROPOSITION 72	NO
20001180400052	015125.jpg	PROPOSITION 72	NO
20001180400052	015127.jpg	PROPOSITION 72	NO
20001180400052	015129.jpg	PROPOSITION 72	NO
20001180400052	015131.jpg	PROPOSITION 72	NO
20001180400052	015133.jpg	PROPOSITION 72	NO
20001180400052	015135.jpg	PROPOSITION 72	NO
20001180400052	015137.jpg	PROPOSITION 72	NO
20001180400052	015139.jpg	PROPOSITION 72	NO
20001180400052	015141.jpg	PROPOSITION 72	NO
20001180400052	015143.jpg	PROPOSITION 72	NO
20001180400052	015145.jpg	PROPOSITION 72	NO
20001180400052	015147.jpg	PROPOSITION 72	NO
20001180400052	015149.jpg	PROPOSITION 72	NO
20001180400052	015151.jpg	PROPOSITION 72	NO
20001180400052	015153.jpg	PROPOSITION 72	NO
20001180400052	015155.jpg	PROPOSITION 72	NO
20001180400052	015157.jpg	PROPOSITION 72	NO
20001180400052	015159.jpg	PROPOSITION 72	NO
20001180400052	015161.jpg	PROPOSITION 72	NO
20001180400052	015163.jpg	PROPOSITION 72	NO
20001180400052	015165.jpg	PROPOSITION 72	NO
20001180400052	015167.jpg	PROPOSITION 72	NO
20001180400052	015169.jpg	PROPOSITION 72	NO
20001180400052	015171.jpg	PROPOSITION 72	NO
20001180400052	015173.jpg	PROPOSITION 72	NO
20001180400052	015175.jpg	PROPOSITION 72	NO
20001180400052	015177.jpg	PROPOSITION 72	NO
20001180400052	015179.jpg	PROPOSITION 72	NO
20001180400052	015181.jpg	PROPOSITION 72	NO
20001180400052	015183.jpg	PROPOSITION 72	NO
20001180400052	015185.jpg	PROPOSITION 72	NO
20001180400052	015187.jpg	PROPOSITION 72	NO
20001180400052	015189.jpg	PROPOSITION 72	NO
20001180400052	015191.jpg	PROPOSITION 72	NO
20001180400052	015193.jpg	PROPOSITION 72	NO
20001180400052	015195.jpg	PROPOSITION 72	NO
20001180400052	015197.jpg	PROPOSITION 72	NO
20001180400052	015199.jpg	PROPOSITION 72	NO
20001180400052	015201.jpg	PROPOSITION 72	NO
20001180400052	092423.jpg	PROPOSITION 72	NO
20001180400052	092427.jpg	PROPOSITION 72	NO
20001180400052	092431.jpg	PROPOSITION 72	NO
20001180400052	092435.jpg	PROPOSITION 72	NO
20001180400052	092439.jpg	PROPOSITION 72	NO
20001180400052	092443.jpg	PROPOSITION 72	NO
20001180400052	092447.jpg	PROPOSITION 72	NO
20001180400052	092451.jpg	PROPOSITION 72	NO
20001180400052	092455.jpg	PROPOSITION 72	NO
20001180400052	092459.jpg	PROPOSITION 72	NO
20001180400052	092463.jpg	PROPOSITION 72	NO
20001180400052	092467.jpg	PROPOSITION 72	NO
20001180400052	092471.jpg	PROPOSITION 72	NO
20001180400052	092475.jpg	PROPOSITION 72	NO
20001180400052	092479.jpg	PROPOSITION 72	NO
20001180400052	092483.jpg	PROPOSITION 72	NO
20001180400052	092487.jpg	PROPOSITION 72	NO
20001180400052	092491.jpg	PROPOSITION 72	NO
20001180400052	092495.jpg	PROPOSITION 72	NO
20001180400052	092499.jpg	PROPOSITION 72	NO
20001180400052	092503.jpg	PROPOSITION 72	NO
20001180400052	092507.jpg	PROPOSITION 72	NO
20001180400052	092511.jpg	PROPOSITION 72	NO
20001180400052	092515.jpg	PROPOSITION 72	NO
20001180400052	092519.jpg	PROPOSITION 72	NO
20001180400052	092523.jpg	PROPOSITION 72	NO
20001180400052	092527.jpg	PROPOSITION 72	NO
20001180400052	092531.jpg	PROPOSITION 72	NO
20001180400052	092535.jpg	PROPOSITION 72	NO
20001180400052	092539.jpg	PROPOSITION 72	NO
20001180400052	092543.jpg	PROPOSITION 72	NO
20001180400052	092547.jpg	PROPOSITION 72	NO
20001180400052	092551.jpg	PROPOSITION 72	NO
20001180400052	092555.jpg	PROPOSITION 72	NO
20001180400052	092559.jpg	PROPOSITION 72	NO
20001180400052	092563.jpg	PROPOSITION 72	NO
20001180400052	092567.jpg	PROPOSITION 72	NO
20001180400052	092571.jpg	PROPOSITION 72	NO
20001180400052	092575.jpg	PROPOSITION 72	NO
20001180400052	092579.jpg	PROPOSITION 72	NO
20001180400052	092583.jpg	PROPOSITION 72	NO
20001180400052	092587.jpg	PROPOSITION 72	NO
20001180400052	092591.jpg	PROPOSITION 72	NO
20001180400052	092595.jpg	PROPOSITION 72	NO
20001180400052	092599.jpg	PROPOSITION 72	NO
20001180400052	092603.jpg	PROPOSITION 72	NO
20001180400052	092607.jpg	PROPOSITION 72	NO
20001180400052	092611.jpg	PROPOSITION 72	NO
20001180400052	092615.jpg	PROPOSITION 72	NO
20001180400052	092619.jpg	PROPOSITION 72	NO
20001180400052	092623.jpg	PROPOSITION 72	NO
20001180400052	092627.jpg	PROPOSITION 72	NO
20001180400052	092631.jpg	PROPOSITION 72	NO
20001180400052	092635.jpg	PROPOSITION 72	NO
20001180400052	092639.jpg	PROPOSITION 72	NO
20001180400052	092643.jpg	PROPOSITION 72	NO
20001180400052	092647.jpg	PROPOSITION 72	NO
20001180400052	092651.jpg	PROPOSITION 72	NO
20001180400052	092655.jpg	PROPOSITION 72	NO
20001180400052	092659.jpg	PROPOSITION 72	NO
20001180400052	092663.jpg	PROPOSITION 72	NO
20001180400052	092667.jpg	PROPOSITION 72	NO
20001180400052	092671.jpg	PROPOSITION 72	NO
20001180400052	092675.jpg	PROPOSITION 72	NO
20001180400052	092679.jpg	PROPOSITION 72	NO
20001180400052	092683.jpg	PROPOSITION 72	NO
20001180400052	092687.jpg	PROPOSITION 72	NO
20001180400052	092691.jpg	PROPOSITION 72	NO
20001180400052	092695.jpg	PROPOSITION 72	NO
20001180400052	092699.jpg	PROPOSITION 72	NO
20001180400052	092703.jpg	PROPOSITION 72	NO
20001180400052	092707.jpg	PROPOSITION 72	NO
20001180400052	092711.jpg	PROPOSITION 72	NO
20001180400052	092715.jpg	PROPOSITION 72	NO
20001180400052	092719.jpg	PROPOSITION 72	NO
20001180400052	092723.jpg	PROPOSITION 72	NO
20001180400052	092727.jpg	PROPOSITION 72	NO
20001180400052	092731.jpg	PROPOSITION 72	NO
20001180400052	092735.jpg	PROPOSITION 72	NO
20001180400052	092739.jpg	PROPOSITION 72	NO
20001180400052	092743.jpg	PROPOSITION 72	NO
20001180400052	092747.jpg	PROPOSITION 72	NO
20001180400052	092751.jpg	PROPOSITION 72	NO
20001180400052	092755.jpg	PROPOSITION 72	NO
20001180400052	092759.jpg	PROPOSITION 72	NO
20001180400052	092763.jpg	PROPOSITION 72	NO
20001180400052	121035.jpg	PROPOSITION 72	NO
20001180400052	121039.jpg	PROPOSITION 72	NO
20001180400052	121043.jpg	PROPOSITION 72	NO
20001180400052	121047.jpg	PROPOSITION 72	NO
20001180400052	121051.jpg	PROPOSITION 72	NO
20001180400052	121055.jpg	PROPOSITION 72	NO
20001180400052	122831.jpg	PROPOSITION 72	NO
20001180400052	122833.jpg	PROPOSITION 72	NO
20001180400052	122835.jpg	PROPOSITION 72	NO
20001180400052	122837.jpg	PROPOSITION 72	NO
20001180400052	127887.jpg	PROPOSITION 72	NO
20001180400052	127891.jpg	PROPOSITION 72	NO
20001180400052	127895.jpg	PROPOSITION 72	NO
20001180400052	127899.jpg	PROPOSITION 72	NO
20001180400052	127903.jpg	PROPOSITION 72	NO
20001180400052	127907.jpg	PROPOSITION 72	NO
20001180400052	127911.jpg	PROPOSITION 72	NO
20001180400052	127915.jpg	PROPOSITION 72	NO
20001180400052	127919.jpg	PROPOSITION 72	NO
20001180400052	127923.jpg	PROPOSITION 72	NO
20001180400052	127927.jpg	PROPOSITION 72	NO
20001180400052	127931.jpg	PROPOSITION 72	NO
20001180400052	127935.jpg	PROPOSITION 72	NO
20001200400094	004907.jpg	PROPOSITION 71	NO
20001200400094	004907.jpg	PROPOSITION 71	YES
20001200400094	004911.jpg	PROPOSITION 71	NO
20001200400094	004911.jpg	PROPOSITION 71	YES
20001200400094	004915.jpg	PROPOSITION 71	NO
20001200400094	004915.jpg	PROPOSITION 71	YES
20001200400094	004919.jpg	PROPOSITION 71	NO
20001200400094	004919.jpg	PROPOSITION 71	YES
20001200400094	004923.jpg	PROPOSITION 71	NO
20001200400094	004923.jpg	PROPOSITION 71	YES
20001200400094	004927.jpg	PROPOSITION 71	NO
20001200400094	004927.jpg	PROPOSITION 71	YES
20001200400094	004931.jpg	PROPOSITION 71	NO
20001200400094	004931.jpg	PROPOSITION 71	YES
20001200400094	004935.jpg	PROPOSITION 71	NO
20001200400094	004935.jpg	PROPOSITION 71	YES
20001200400094	004939.jpg	PROPOSITION 71	NO
20001200400094	004939.jpg	PROPOSITION 71	YES
20001200400094	004943.jpg	PROPOSITION 71	NO
20001200400094	004943.jpg	PROPOSITION 71	YES
20001200400094	004947.jpg	PROPOSITION 71	NO
20001200400094	004947.jpg	PROPOSITION 71	YES
20001200400094	004951.jpg	PROPOSITION 71	NO
20001200400094	004951.jpg	PROPOSITION 71	YES
20001200400094	004955.jpg	PROPOSITION 71	NO
20001200400094	004955.jpg	PROPOSITION 71	YES
20001200400094	004959.jpg	PROPOSITION 71	NO
20001200400094	004959.jpg	PROPOSITION 71	YES
20001200400094	004963.jpg	PROPOSITION 71	NO
20001200400094	004963.jpg	PROPOSITION 71	YES
20001200400094	004967.jpg	PROPOSITION 71	NO
20001200400094	004967.jpg	PROPOSITION 71	YES
20001200400094	004971.jpg	PROPOSITION 71	NO
20001200400094	004971.jpg	PROPOSITION 71	YES
20001200400094	004975.jpg	PROPOSITION 71	NO
20001200400094	004975.jpg	PROPOSITION 71	YES
20001200400094	004979.jpg	PROPOSITION 71	NO
20001200400094	004979.jpg	PROPOSITION 71	YES
20001200400094	004983.jpg	PROPOSITION 71	NO
20001200400094	004983.jpg	PROPOSITION 71	YES
20001200400094	004987.jpg	PROPOSITION 71	NO
20001200400094	004987.jpg	PROPOSITION 71	YES
20001200400094	004991.jpg	PROPOSITION 71	NO
20001200400094	004991.jpg	PROPOSITION 71	YES
20001200400094	004995.jpg	PROPOSITION 71	NO
20001200400094	004995.jpg	PROPOSITION 71	YES
20001200400094	004999.jpg	PROPOSITION 71	NO
20001200400094	004999.jpg	PROPOSITION 71	YES
20001200400094	005003.jpg	PROPOSITION 71	NO
20001200400094	005003.jpg	PROPOSITION 71	YES
20001200400094	005007.jpg	PROPOSITION 71	NO
20001200400094	005007.jpg	PROPOSITION 71	YES
20001200400094	005011.jpg	PROPOSITION 71	NO
20001200400094	005011.jpg	PROPOSITION 71	YES
20001200400094	005015.jpg	PROPOSITION 71	NO
20001200400094	005015.jpg	PROPOSITION 71	YES
20001200400094	005019.jpg	PROPOSITION 71	NO
20001200400094	005019.jpg	PROPOSITION 71	YES
20001200400094	005023.jpg	PROPOSITION 71	NO
20001200400094	005023.jpg	PROPOSITION 71	YES
20001200400094	005027.jpg	PROPOSITION 71	NO
20001200400094	005027.jpg	PROPOSITION 71	YES
20001200400094	005031.jpg	PROPOSITION 71	NO
20001200400094	005031.jpg	PROPOSITION 71	YES
20001200400094	005035.jpg	PROPOSITION 71	NO
20001200400094	005035.jpg	PROPOSITION 71	YES
20001200400094	005039.jpg	PROPOSITION 71	NO
20001200400094	005039.jpg	PROPOSITION 71	YES
20001200400094	005043.jpg	PROPOSITION 71	NO
20001200400094	005043.jpg	PROPOSITION 71	YES
20001200400094	005047.jpg	PROPOSITION 71	NO
20001200400094	005047.jpg	PROPOSITION 71	YES
20001200400094	005051.jpg	PROPOSITION 71	NO
20001200400094	005051.jpg	PROPOSITION 71	YES
20001200400094	005055.jpg	PROPOSITION 71	NO
20001200400094	005055.jpg	PROPOSITION 71	YES
20001200400094	005059.jpg	PROPOSITION 71	NO
20001200400094	005059.jpg	PROPOSITION 71	YES
20001200400094	005063.jpg	PROPOSITION 71	NO
20001200400094	005063.jpg	PROPOSITION 71	YES
20001200400094	005067.jpg	PROPOSITION 71	NO
20001200400094	005067.jpg	PROPOSITION 71	YES
20001200400094	005071.jpg	PROPOSITION 71	NO
20001200400094	005071.jpg	PROPOSITION 71	YES
20001200400094	005075.jpg	PROPOSITION 71	NO
20001200400094	005075.jpg	PROPOSITION 71	YES
20001200400094	005079.jpg	PROPOSITION 71	NO
20001200400094	005079.jpg	PROPOSITION 71	YES
20001200400094	005083.jpg	PROPOSITION 71	NO
20001200400094	005083.jpg	PROPOSITION 71	YES
20001200400094	005087.jpg	PROPOSITION 71	NO
20001200400094	005087.jpg	PROPOSITION 71	YES
20001200400094	005091.jpg	PROPOSITION 71	NO
20001200400094	005091.jpg	PROPOSITION 71	YES
20001200400094	005095.jpg	PROPOSITION 71	NO
20001200400094	005095.jpg	PROPOSITION 71	YES
20001200400094	005099.jpg	PROPOSITION 71	NO
20001200400094	005099.jpg	PROPOSITION 71	YES
20001200400094	005103.jpg	PROPOSITION 71	NO
20001200400094	005103.jpg	PROPOSITION 71	YES
20001200400094	005107.jpg	PROPOSITION 71	NO
20001200400094	005107.jpg	PROPOSITION 71	YES
20001200400094	005111.jpg	PROPOSITION 71	NO
20001200400094	005111.jpg	PROPOSITION 71	YES
20001200400094	005115.jpg	PROPOSITION 71	NO
20001200400094	005115.jpg	PROPOSITION 71	YES
20001200400094	005119.jpg	PROPOSITION 71	NO
20001200400094	005119.jpg	PROPOSITION 71	YES
20001200400094	005123.jpg	PROPOSITION 71	NO
20001200400094	005123.jpg	PROPOSITION 71	YES
20001200400094	005127.jpg	PROPOSITION 71	NO
20001200400094	005127.jpg	PROPOSITION 71	YES
20001200400094	005131.jpg	PROPOSITION 71	NO
20001200400094	005131.jpg	PROPOSITION 71	YES
20001200400094	005135.jpg	PROPOSITION 71	NO
20001200400094	005135.jpg	PROPOSITION 71	YES
20001200400094	005139.jpg	PROPOSITION 71	NO
20001200400094	005139.jpg	PROPOSITION 71	YES
20001200400094	005143.jpg	PROPOSITION 71	NO
20001200400094	005143.jpg	PROPOSITION 71	YES
20001200400094	005147.jpg	PROPOSITION 71	NO
20001200400094	005147.jpg	PROPOSITION 71	YES
20001200400094	005151.jpg	PROPOSITION 71	NO
20001200400094	005151.jpg	PROPOSITION 71	YES
20001200400094	005155.jpg	PROPOSITION 71	NO
20001200400094	005155.jpg	PROPOSITION 71	YES
20001200400094	005159.jpg	PROPOSITION 71	NO
20001200400094	005159.jpg	PROPOSITION 71	YES
20001200400094	005163.jpg	PROPOSITION 71	NO
20001200400094	005163.jpg	PROPOSITION 71	YES
20001200400094	005167.jpg	PROPOSITION 71	NO
20001200400094	005167.jpg	PROPOSITION 71	YES
20001200400094	005171.jpg	PROPOSITION 71	NO
20001200400094	005171.jpg	PROPOSITION 71	YES
20001200400094	005175.jpg	PROPOSITION 71	NO
20001200400094	005175.jpg	PROPOSITION 71	YES
20001200400094	005179.jpg	PROPOSITION 71	NO
20001200400094	005179.jpg	PROPOSITION 71	YES
20001200400094	005183.jpg	PROPOSITION 71	NO
20001200400094	005183.jpg	PROPOSITION 71	YES
20001200400094	005187.jpg	PROPOSITION 71	NO
20001200400094	005187.jpg	PROPOSITION 71	YES
20001200400094	005191.jpg	PROPOSITION 71	NO
20001200400094	005191.jpg	PROPOSITION 71	YES
20001200400094	005195.jpg	PROPOSITION 71	NO
20001200400094	005195.jpg	PROPOSITION 71	YES
20001200400094	005199.jpg	PROPOSITION 71	NO
20001200400094	005199.jpg	PROPOSITION 71	YES
20001200400094	005203.jpg	PROPOSITION 71	NO
20001200400094	005203.jpg	PROPOSITION 71	YES
20001200400094	005207.jpg	PROPOSITION 71	NO
20001200400094	005207.jpg	PROPOSITION 71	YES
20001200400094	005211.jpg	PROPOSITION 71	NO
20001200400094	005211.jpg	PROPOSITION 71	YES
20001200400094	005215.jpg	PROPOSITION 71	NO
20001200400094	005215.jpg	PROPOSITION 71	YES
20001200400094	005219.jpg	PROPOSITION 71	NO
20001200400094	005219.jpg	PROPOSITION 71	YES
20001200400094	005223.jpg	PROPOSITION 71	NO
20001200400094	005223.jpg	PROPOSITION 71	YES
20001200400094	005227.jpg	PROPOSITION 71	NO
20001200400094	005227.jpg	PROPOSITION 71	YES
20001200400094	005231.jpg	PROPOSITION 71	NO
20001200400094	005231.jpg	PROPOSITION 71	YES
20001200400094	005235.jpg	PROPOSITION 71	NO
20001200400094	005235.jpg	PROPOSITION 71	YES
20001200400094	005239.jpg	PROPOSITION 71	NO
20001200400094	005239.jpg	PROPOSITION 71	YES
20001200400094	005243.jpg	PROPOSITION 71	NO
20001200400094	005243.jpg	PROPOSITION 71	YES
20001200400094	005247.jpg	PROPOSITION 71	NO
20001200400094	005247.jpg	PROPOSITION 71	YES
20001200400094	005251.jpg	PROPOSITION 71	NO
20001200400094	005251.jpg	PROPOSITION 71	YES
20001200400094	005255.jpg	PROPOSITION 71	NO
20001200400094	005255.jpg	PROPOSITION 71	YES
20001200400094	005259.jpg	PROPOSITION 71	NO
20001200400094	005259.jpg	PROPOSITION 71	YES
20001200400094	005263.jpg	PROPOSITION 71	NO
20001200400094	005263.jpg	PROPOSITION 71	YES
20001200400094	005267.jpg	PROPOSITION 71	NO
20001200400094	005267.jpg	PROPOSITION 71	YES
20001200400094	005271.jpg	PROPOSITION 71	NO
20001200400094	005271.jpg	PROPOSITION 71	YES
20001200400094	005275.jpg	PROPOSITION 71	NO
20001200400094	005275.jpg	PROPOSITION 71	YES
20001200400094	005279.jpg	PROPOSITION 71	NO
20001200400094	005279.jpg	PROPOSITION 71	YES
20001200400094	005283.jpg	PROPOSITION 71	NO
20001200400094	005283.jpg	PROPOSITION 71	YES
20001200400094	005287.jpg	PROPOSITION 71	NO
20001200400094	005287.jpg	PROPOSITION 71	YES
20001200400094	005291.jpg	PROPOSITION 71	NO
20001200400094	005291.jpg	PROPOSITION 71	YES
20001200400094	005295.jpg	PROPOSITION 71	NO
20001200400094	005295.jpg	PROPOSITION 71	YES
20001200400094	005299.jpg	PROPOSITION 71	NO
20001200400094	005299.jpg	PROPOSITION 71	YES
20001200400094	005303.jpg	PROPOSITION 71	NO
20001200400094	005303.jpg	PROPOSITION 71	YES
20001200400094	005307.jpg	PROPOSITION 71	NO
20001200400094	005307.jpg	PROPOSITION 71	YES
20001200400094	005311.jpg	PROPOSITION 71	NO
20001200400094	005311.jpg	PROPOSITION 71	YES
20001200400094	005315.jpg	PROPOSITION 71	NO
20001200400094	005315.jpg	PROPOSITION 71	YES
20001200400094	005319.jpg	PROPOSITION 71	NO
20001200400094	005319.jpg	PROPOSITION 71	YES
20001200400094	005323.jpg	PROPOSITION 71	NO
20001200400094	005323.jpg	PROPOSITION 71	YES
20001200400094	005327.jpg	PROPOSITION 71	NO
20001200400094	005327.jpg	PROPOSITION 71	YES
20001200400094	005331.jpg	PROPOSITION 71	NO
20001200400094	005331.jpg	PROPOSITION 71	YES
20001200400094	005335.jpg	PROPOSITION 71	NO
20001200400094	005335.jpg	PROPOSITION 71	YES
20001200400094	005339.jpg	PROPOSITION 71	NO
20001200400094	005339.jpg	PROPOSITION 71	YES
20001200400094	005343.jpg	PROPOSITION 71	NO
20001200400094	005343.jpg	PROPOSITION 71	YES
20001200400094	005347.jpg	PROPOSITION 71	NO
20001200400094	005347.jpg	PROPOSITION 71	YES
20001200400094	005351.jpg	PROPOSITION 71	NO
20001200400094	005351.jpg	PROPOSITION 71	YES
20001200400094	005355.jpg	PROPOSITION 71	NO
20001200400094	005355.jpg	PROPOSITION 71	YES
20001200400094	005359.jpg	PROPOSITION 71	NO
20001200400094	005359.jpg	PROPOSITION 71	YES
20001200400094	005363.jpg	PROPOSITION 71	NO
20001200400094	005363.jpg	PROPOSITION 71	YES
20001200400094	005367.jpg	PROPOSITION 71	NO
20001200400094	005367.jpg	PROPOSITION 71	YES
20001200400094	005371.jpg	PROPOSITION 71	NO
20001200400094	005371.jpg	PROPOSITION 71	YES
20001200400094	005375.jpg	PROPOSITION 71	NO
20001200400094	005375.jpg	PROPOSITION 71	YES
20001200400094	005379.jpg	PROPOSITION 71	NO
20001200400094	005379.jpg	PROPOSITION 71	YES
20001200400094	005383.jpg	PROPOSITION 71	NO
20001200400094	005383.jpg	PROPOSITION 71	YES
20001200400094	005387.jpg	PROPOSITION 71	NO
20001200400094	005387.jpg	PROPOSITION 71	YES
20001200400094	005391.jpg	PROPOSITION 71	NO
20001200400094	005391.jpg	PROPOSITION 71	YES
20001200400094	005395.jpg	PROPOSITION 71	NO
20001200400094	005395.jpg	PROPOSITION 71	YES
20001200400094	005399.jpg	PROPOSITION 71	NO
20001200400094	005399.jpg	PROPOSITION 71	YES
20001200400094	005403.jpg	PROPOSITION 71	NO
20001200400094	005403.jpg	PROPOSITION 71	YES
20001200400094	005407.jpg	PROPOSITION 71	NO
20001200400094	005407.jpg	PROPOSITION 71	YES
20001200400094	005411.jpg	PROPOSITION 71	NO
20001200400094	005411.jpg	PROPOSITION 71	YES
20001200400094	005415.jpg	PROPOSITION 71	NO
20001200400094	005415.jpg	PROPOSITION 71	YES
20001200400094	005419.jpg	PROPOSITION 71	NO
20001200400094	005419.jpg	PROPOSITION 71	YES
20001200400094	005423.jpg	PROPOSITION 71	NO
20001200400094	005423.jpg	PROPOSITION 71	YES
20001200400094	005427.jpg	PROPOSITION 71	NO
20001200400094	005427.jpg	PROPOSITION 71	YES
20001200400094	005431.jpg	PROPOSITION 71	NO
20001200400094	005431.jpg	PROPOSITION 71	YES
20001200400094	005435.jpg	PROPOSITION 71	NO
20001200400094	005435.jpg	PROPOSITION 71	YES
20001200400094	005439.jpg	PROPOSITION 71	NO
20001200400094	005439.jpg	PROPOSITION 71	YES
20001200400094	015935.jpg	PROPOSITION 71	NO
20001200400094	015935.jpg	PROPOSITION 71	YES
20001200400094	015937.jpg	PROPOSITION 71	NO
20001200400094	015937.jpg	PROPOSITION 71	YES
20001200400094	015939.jpg	PROPOSITION 71	NO
20001200400094	015939.jpg	PROPOSITION 71	YES
20001200400094	015941.jpg	PROPOSITION 71	NO
20001200400094	015941.jpg	PROPOSITION 71	YES
20001200400094	015943.jpg	PROPOSITION 71	NO
20001200400094	015943.jpg	PROPOSITION 71	YES
20001200400094	015945.jpg	PROPOSITION 71	NO
20001200400094	015945.jpg	PROPOSITION 71	YES
20001200400094	015947.jpg	PROPOSITION 71	NO
20001200400094	015947.jpg	PROPOSITION 71	YES
20001200400094	015949.jpg	PROPOSITION 71	NO
20001200400094	015949.jpg	PROPOSITION 71	YES
20001200400094	015951.jpg	PROPOSITION 71	NO
20001200400094	015951.jpg	PROPOSITION 71	YES
20001200400094	015953.jpg	PROPOSITION 71	NO
20001200400094	015953.jpg	PROPOSITION 71	YES
20001200400094	015955.jpg	PROPOSITION 71	NO
20001200400094	015955.jpg	PROPOSITION 71	YES
20001200400094	015957.jpg	PROPOSITION 71	NO
20001200400094	015957.jpg	PROPOSITION 71	YES
20001200400094	015959.jpg	PROPOSITION 71	NO
20001200400094	015959.jpg	PROPOSITION 71	YES
20001200400094	015961.jpg	PROPOSITION 71	NO
20001200400094	015961.jpg	PROPOSITION 71	YES
20001200400094	015963.jpg	PROPOSITION 71	NO
20001200400094	015963.jpg	PROPOSITION 71	YES
20001200400094	015965.jpg	PROPOSITION 71	NO
20001200400094	015965.jpg	PROPOSITION 71	YES
20001200400094	015967.jpg	PROPOSITION 71	NO
20001200400094	015967.jpg	PROPOSITION 71	YES
20001200400094	015969.jpg	PROPOSITION 71	NO
20001200400094	015969.jpg	PROPOSITION 71	YES
20001200400094	015971.jpg	PROPOSITION 71	NO
20001200400094	015971.jpg	PROPOSITION 71	YES
20001200400094	015973.jpg	PROPOSITION 71	NO
20001200400094	015973.jpg	PROPOSITION 71	YES
20001200400094	015975.jpg	PROPOSITION 71	NO
20001200400094	015975.jpg	PROPOSITION 71	YES
20001200400094	015977.jpg	PROPOSITION 71	NO
20001200400094	015977.jpg	PROPOSITION 71	YES
20001200400094	015979.jpg	PROPOSITION 71	NO
20001200400094	015979.jpg	PROPOSITION 71	YES
20001200400094	015981.jpg	PROPOSITION 71	NO
20001200400094	015981.jpg	PROPOSITION 71	YES
20001200400094	015983.jpg	PROPOSITION 71	NO
20001200400094	015983.jpg	PROPOSITION 71	YES
20001200400094	015985.jpg	PROPOSITION 71	NO
20001200400094	015985.jpg	PROPOSITION 71	YES
20001200400094	015987.jpg	PROPOSITION 71	NO
20001200400094	015987.jpg	PROPOSITION 71	YES
20001200400094	015989.jpg	PROPOSITION 71	NO
20001200400094	015989.jpg	PROPOSITION 71	YES
20001200400094	015991.jpg	PROPOSITION 71	NO
20001200400094	015991.jpg	PROPOSITION 71	YES
20001200400094	015993.jpg	PROPOSITION 71	NO
20001200400094	015993.jpg	PROPOSITION 71	YES
20001200400094	015995.jpg	PROPOSITION 71	NO
20001200400094	015995.jpg	PROPOSITION 71	YES
20001200400094	015997.jpg	PROPOSITION 71	NO
20001200400094	015997.jpg	PROPOSITION 71	YES
20001200400094	015999.jpg	PROPOSITION 71	NO
20001200400094	015999.jpg	PROPOSITION 71	YES
20001200400094	016001.jpg	PROPOSITION 71	NO
20001200400094	016001.jpg	PROPOSITION 71	YES
20001200400094	016003.jpg	PROPOSITION 71	NO
20001200400094	016003.jpg	PROPOSITION 71	YES
20001200400094	016005.jpg	PROPOSITION 71	NO
20001200400094	016005.jpg	PROPOSITION 71	YES
20001200400094	016007.jpg	PROPOSITION 71	NO
20001200400094	016007.jpg	PROPOSITION 71	YES
20001200400094	016009.jpg	PROPOSITION 71	NO
20001200400094	016009.jpg	PROPOSITION 71	YES
20001200400094	016011.jpg	PROPOSITION 71	NO
20001200400094	016011.jpg	PROPOSITION 71	YES
20001200400094	016013.jpg	PROPOSITION 71	NO
20001200400094	016013.jpg	PROPOSITION 71	YES
20001200400094	016015.jpg	PROPOSITION 71	NO
20001200400094	016015.jpg	PROPOSITION 71	YES
20001200400094	016017.jpg	PROPOSITION 71	NO
20001200400094	016017.jpg	PROPOSITION 71	YES
20001200400094	016019.jpg	PROPOSITION 71	NO
20001200400094	016019.jpg	PROPOSITION 71	YES
20001200400094	016021.jpg	PROPOSITION 71	NO
20001200400094	016021.jpg	PROPOSITION 71	YES
20001200400094	016023.jpg	PROPOSITION 71	NO
20001200400094	016023.jpg	PROPOSITION 71	YES
20001200400094	016025.jpg	PROPOSITION 71	NO
20001200400094	016025.jpg	PROPOSITION 71	YES
20001200400094	016027.jpg	PROPOSITION 71	NO
20001200400094	016027.jpg	PROPOSITION 71	YES
20001200400094	016029.jpg	PROPOSITION 71	NO
20001200400094	016029.jpg	PROPOSITION 71	YES
20001200400094	016031.jpg	PROPOSITION 71	NO
20001200400094	016031.jpg	PROPOSITION 71	YES
20001200400094	016033.jpg	PROPOSITION 71	NO
20001200400094	016033.jpg	PROPOSITION 71	YES
20001200400094	016035.jpg	PROPOSITION 71	NO
20001200400094	016035.jpg	PROPOSITION 71	YES
20001200400094	016037.jpg	PROPOSITION 71	NO
20001200400094	016037.jpg	PROPOSITION 71	YES
20001200400094	016039.jpg	PROPOSITION 71	NO
20001200400094	016039.jpg	PROPOSITION 71	YES
20001200400094	016041.jpg	PROPOSITION 71	NO
20001200400094	016041.jpg	PROPOSITION 71	YES
20001200400094	016043.jpg	PROPOSITION 71	NO
20001200400094	016043.jpg	PROPOSITION 71	YES
20001200400094	016045.jpg	PROPOSITION 71	NO
20001200400094	016045.jpg	PROPOSITION 71	YES
20001200400094	016047.jpg	PROPOSITION 71	NO
20001200400094	016047.jpg	PROPOSITION 71	YES
20001200400094	016049.jpg	PROPOSITION 71	NO
20001200400094	016049.jpg	PROPOSITION 71	YES
20001200400094	016051.jpg	PROPOSITION 71	NO
20001200400094	016051.jpg	PROPOSITION 71	YES
20001200400094	016053.jpg	PROPOSITION 71	NO
20001200400094	016053.jpg	PROPOSITION 71	YES
20001200400094	016055.jpg	PROPOSITION 71	NO
20001200400094	016055.jpg	PROPOSITION 71	YES
20001200400094	016057.jpg	PROPOSITION 71	NO
20001200400094	016057.jpg	PROPOSITION 71	YES
20001200400094	016059.jpg	PROPOSITION 71	NO
20001200400094	016059.jpg	PROPOSITION 71	YES
20001200400094	016061.jpg	PROPOSITION 71	NO
20001200400094	016061.jpg	PROPOSITION 71	YES
20001200400094	016063.jpg	PROPOSITION 71	NO
20001200400094	016063.jpg	PROPOSITION 71	YES
20001200400094	016065.jpg	PROPOSITION 71	NO
20001200400094	016065.jpg	PROPOSITION 71	YES
20001200400094	016067.jpg	PROPOSITION 71	NO
20001200400094	016067.jpg	PROPOSITION 71	YES
20001200400094	016069.jpg	PROPOSITION 71	NO
20001200400094	016069.jpg	PROPOSITION 71	YES
20001200400094	016071.jpg	PROPOSITION 71	NO
20001200400094	016071.jpg	PROPOSITION 71	YES
20001200400094	016073.jpg	PROPOSITION 71	NO
20001200400094	016073.jpg	PROPOSITION 71	YES
20001200400094	016075.jpg	PROPOSITION 71	NO
20001200400094	016075.jpg	PROPOSITION 71	YES
20001200400094	016077.jpg	PROPOSITION 71	NO
20001200400094	016077.jpg	PROPOSITION 71	YES
20001200400094	016079.jpg	PROPOSITION 71	NO
20001200400094	016079.jpg	PROPOSITION 71	YES
20001200400094	016081.jpg	PROPOSITION 71	NO
20001200400094	016081.jpg	PROPOSITION 71	YES
20001200400094	016083.jpg	PROPOSITION 71	NO
20001200400094	016083.jpg	PROPOSITION 71	YES
20001200400094	016085.jpg	PROPOSITION 71	NO
20001200400094	016085.jpg	PROPOSITION 71	YES
20001200400094	016087.jpg	PROPOSITION 71	NO
20001200400094	016087.jpg	PROPOSITION 71	YES
20001200400094	016089.jpg	PROPOSITION 71	NO
20001200400094	016089.jpg	PROPOSITION 71	YES
20001200400094	016091.jpg	PROPOSITION 71	NO
20001200400094	016091.jpg	PROPOSITION 71	YES
20001200400094	016093.jpg	PROPOSITION 71	NO
20001200400094	016093.jpg	PROPOSITION 71	YES
20001200400094	016095.jpg	PROPOSITION 71	NO
20001200400094	016095.jpg	PROPOSITION 71	YES
20001200400094	016097.jpg	PROPOSITION 71	NO
20001200400094	016097.jpg	PROPOSITION 71	YES
20001200400094	016099.jpg	PROPOSITION 71	NO
20001200400094	016099.jpg	PROPOSITION 71	YES
20001200400094	016101.jpg	PROPOSITION 71	NO
20001200400094	016101.jpg	PROPOSITION 71	YES
20001200400094	016103.jpg	PROPOSITION 71	NO
20001200400094	016103.jpg	PROPOSITION 71	YES
20001200400094	016105.jpg	PROPOSITION 71	NO
20001200400094	016105.jpg	PROPOSITION 71	YES
20001200400094	016107.jpg	PROPOSITION 71	NO
20001200400094	016107.jpg	PROPOSITION 71	YES
20001200400094	016109.jpg	PROPOSITION 71	NO
20001200400094	016109.jpg	PROPOSITION 71	YES
20001200400094	016111.jpg	PROPOSITION 71	NO
20001200400094	016111.jpg	PROPOSITION 71	YES
20001200400094	016113.jpg	PROPOSITION 71	NO
20001200400094	016113.jpg	PROPOSITION 71	YES
20001200400094	016115.jpg	PROPOSITION 71	NO
20001200400094	016115.jpg	PROPOSITION 71	YES
20001200400094	016117.jpg	PROPOSITION 71	NO
20001200400094	016117.jpg	PROPOSITION 71	YES
20001200400094	016119.jpg	PROPOSITION 71	NO
20001200400094	016119.jpg	PROPOSITION 71	YES
20001200400094	016121.jpg	PROPOSITION 71	NO
20001200400094	016121.jpg	PROPOSITION 71	YES
20001200400094	016123.jpg	PROPOSITION 71	NO
20001200400094	016123.jpg	PROPOSITION 71	YES
20001200400094	016125.jpg	PROPOSITION 71	NO
20001200400094	016125.jpg	PROPOSITION 71	YES
20001200400094	016127.jpg	PROPOSITION 71	NO
20001200400094	016127.jpg	PROPOSITION 71	YES
20001200400094	016129.jpg	PROPOSITION 71	NO
20001200400094	016129.jpg	PROPOSITION 71	YES
20001200400094	016131.jpg	PROPOSITION 71	NO
20001200400094	016131.jpg	PROPOSITION 71	YES
20001200400094	016133.jpg	PROPOSITION 71	NO
20001200400094	016133.jpg	PROPOSITION 71	YES
20001200400094	016135.jpg	PROPOSITION 71	NO
20001200400094	016135.jpg	PROPOSITION 71	YES
20001200400094	016137.jpg	PROPOSITION 71	NO
20001200400094	016137.jpg	PROPOSITION 71	YES
20001200400094	016139.jpg	PROPOSITION 71	NO
20001200400094	016139.jpg	PROPOSITION 71	YES
20001200400094	016141.jpg	PROPOSITION 71	NO
20001200400094	016141.jpg	PROPOSITION 71	YES
20001200400094	016143.jpg	PROPOSITION 71	NO
20001200400094	016143.jpg	PROPOSITION 71	YES
20001200400094	016145.jpg	PROPOSITION 71	NO
20001200400094	016145.jpg	PROPOSITION 71	YES
20001200400094	016147.jpg	PROPOSITION 71	NO
20001200400094	016147.jpg	PROPOSITION 71	YES
20001200400094	016149.jpg	PROPOSITION 71	NO
20001200400094	016149.jpg	PROPOSITION 71	YES
20001200400094	016151.jpg	PROPOSITION 71	NO
20001200400094	016151.jpg	PROPOSITION 71	YES
20001200400094	016153.jpg	PROPOSITION 71	NO
20001200400094	016153.jpg	PROPOSITION 71	YES
20001200400094	016155.jpg	PROPOSITION 71	NO
20001200400094	016155.jpg	PROPOSITION 71	YES
20001200400094	016157.jpg	PROPOSITION 71	NO
20001200400094	016157.jpg	PROPOSITION 71	YES
20001200400094	016159.jpg	PROPOSITION 71	NO
20001200400094	016159.jpg	PROPOSITION 71	YES
20001200400094	016161.jpg	PROPOSITION 71	NO
20001200400094	016161.jpg	PROPOSITION 71	YES
20001200400094	016163.jpg	PROPOSITION 71	NO
20001200400094	016163.jpg	PROPOSITION 71	YES
20001200400094	016165.jpg	PROPOSITION 71	NO
20001200400094	016165.jpg	PROPOSITION 71	YES
20001200400094	016167.jpg	PROPOSITION 71	NO
20001200400094	016167.jpg	PROPOSITION 71	YES
20001200400094	016169.jpg	PROPOSITION 71	NO
20001200400094	016169.jpg	PROPOSITION 71	YES
20001200400094	016171.jpg	PROPOSITION 71	NO
20001200400094	016171.jpg	PROPOSITION 71	YES
20001200400094	016173.jpg	PROPOSITION 71	NO
20001200400094	016173.jpg	PROPOSITION 71	YES
20001200400094	016175.jpg	PROPOSITION 71	NO
20001200400094	016175.jpg	PROPOSITION 71	YES
20001200400094	016177.jpg	PROPOSITION 71	NO
20001200400094	016177.jpg	PROPOSITION 71	YES
20001200400094	016179.jpg	PROPOSITION 71	NO
20001200400094	016179.jpg	PROPOSITION 71	YES
20001200400094	016181.jpg	PROPOSITION 71	NO
20001200400094	016181.jpg	PROPOSITION 71	YES
20001200400094	016183.jpg	PROPOSITION 71	NO
20001200400094	016183.jpg	PROPOSITION 71	YES
20001200400094	016185.jpg	PROPOSITION 71	NO
20001200400094	016185.jpg	PROPOSITION 71	YES
20001200400094	016187.jpg	PROPOSITION 71	NO
20001200400094	016187.jpg	PROPOSITION 71	YES
20001200400094	016189.jpg	PROPOSITION 71	NO
20001200400094	016189.jpg	PROPOSITION 71	YES
20001200400094	016191.jpg	PROPOSITION 71	NO
20001200400094	016191.jpg	PROPOSITION 71	YES
20001200400094	016193.jpg	PROPOSITION 71	NO
20001200400094	016193.jpg	PROPOSITION 71	YES
20001200400094	016195.jpg	PROPOSITION 71	NO
20001200400094	016195.jpg	PROPOSITION 71	YES
20001200400094	016197.jpg	PROPOSITION 71	NO
20001200400094	016197.jpg	PROPOSITION 71	YES
20001200400094	016199.jpg	PROPOSITION 71	NO
20001200400094	016199.jpg	PROPOSITION 71	YES
20001200400094	016201.jpg	PROPOSITION 71	NO
20001200400094	016201.jpg	PROPOSITION 71	YES
20001200400094	016203.jpg	PROPOSITION 71	NO
20001200400094	016203.jpg	PROPOSITION 71	YES
20001200400094	016205.jpg	PROPOSITION 71	NO
20001200400094	016205.jpg	PROPOSITION 71	YES
20001200400094	016207.jpg	PROPOSITION 71	NO
20001200400094	016207.jpg	PROPOSITION 71	YES
20001200400094	016209.jpg	PROPOSITION 71	NO
20001200400094	016209.jpg	PROPOSITION 71	YES
20001200400094	016211.jpg	PROPOSITION 71	NO
20001200400094	016211.jpg	PROPOSITION 71	YES
20001200400094	016213.jpg	PROPOSITION 71	NO
20001200400094	016213.jpg	PROPOSITION 71	YES
20001200400094	016215.jpg	PROPOSITION 71	NO
20001200400094	016215.jpg	PROPOSITION 71	YES
20001200400094	016217.jpg	PROPOSITION 71	NO
20001200400094	016217.jpg	PROPOSITION 71	YES
20001200400094	091939.jpg	PROPOSITION 71	NO
20001200400094	091939.jpg	PROPOSITION 71	YES
20001200400094	091941.jpg	PROPOSITION 71	NO
20001200400094	091941.jpg	PROPOSITION 71	YES
20001200400094	091943.jpg	PROPOSITION 71	NO
20001200400094	091943.jpg	PROPOSITION 71	YES
20001200400094	091945.jpg	PROPOSITION 71	NO
20001200400094	091945.jpg	PROPOSITION 71	YES
20001200400094	091947.jpg	PROPOSITION 71	NO
20001200400094	091947.jpg	PROPOSITION 71	YES
20001200400094	091949.jpg	PROPOSITION 71	NO
20001200400094	091949.jpg	PROPOSITION 71	YES
20001200400094	091951.jpg	PROPOSITION 71	NO
20001200400094	091951.jpg	PROPOSITION 71	YES
20001200400094	091953.jpg	PROPOSITION 71	NO
20001200400094	091953.jpg	PROPOSITION 71	YES
20001200400094	091955.jpg	PROPOSITION 71	NO
20001200400094	091955.jpg	PROPOSITION 71	YES
20001200400094	091957.jpg	PROPOSITION 71	NO
20001200400094	091957.jpg	PROPOSITION 71	YES
20001200400094	091959.jpg	PROPOSITION 71	NO
20001200400094	091959.jpg	PROPOSITION 71	YES
20001200400094	091961.jpg	PROPOSITION 71	NO
20001200400094	091961.jpg	PROPOSITION 71	YES
20001200400094	091963.jpg	PROPOSITION 71	NO
20001200400094	091963.jpg	PROPOSITION 71	YES
20001200400094	091965.jpg	PROPOSITION 71	NO
20001200400094	091965.jpg	PROPOSITION 71	YES
20001200400094	091967.jpg	PROPOSITION 71	NO
20001200400094	091967.jpg	PROPOSITION 71	YES
20001200400094	091969.jpg	PROPOSITION 71	NO
20001200400094	091969.jpg	PROPOSITION 71	YES
20001200400094	091971.jpg	PROPOSITION 71	NO
20001200400094	091971.jpg	PROPOSITION 71	YES
20001200400094	091973.jpg	PROPOSITION 71	NO
20001200400094	091973.jpg	PROPOSITION 71	YES
20001200400094	091975.jpg	PROPOSITION 71	NO
20001200400094	091975.jpg	PROPOSITION 71	YES
20001200400094	091977.jpg	PROPOSITION 71	NO
20001200400094	091977.jpg	PROPOSITION 71	YES
20001200400094	091979.jpg	PROPOSITION 71	NO
20001200400094	091979.jpg	PROPOSITION 71	YES
20001200400094	091981.jpg	PROPOSITION 71	NO
20001200400094	091981.jpg	PROPOSITION 71	YES
20001200400094	091983.jpg	PROPOSITION 71	NO
20001200400094	091983.jpg	PROPOSITION 71	YES
20001200400094	091985.jpg	PROPOSITION 71	NO
20001200400094	091985.jpg	PROPOSITION 71	YES
20001200400094	091987.jpg	PROPOSITION 71	NO
20001200400094	091987.jpg	PROPOSITION 71	YES
20001200400094	091989.jpg	PROPOSITION 71	NO
20001200400094	091989.jpg	PROPOSITION 71	YES
20001200400094	091991.jpg	PROPOSITION 71	NO
20001200400094	091991.jpg	PROPOSITION 71	YES
20001200400094	091993.jpg	PROPOSITION 71	NO
20001200400094	091993.jpg	PROPOSITION 71	YES
20001200400094	091995.jpg	PROPOSITION 71	NO
20001200400094	091995.jpg	PROPOSITION 71	YES
20001200400094	091997.jpg	PROPOSITION 71	NO
20001200400094	091997.jpg	PROPOSITION 71	YES
20001200400094	091999.jpg	PROPOSITION 71	NO
20001200400094	091999.jpg	PROPOSITION 71	YES
20001200400094	092001.jpg	PROPOSITION 71	NO
20001200400094	092001.jpg	PROPOSITION 71	YES
20001200400094	092003.jpg	PROPOSITION 71	NO
20001200400094	092003.jpg	PROPOSITION 71	YES
20001200400094	092005.jpg	PROPOSITION 71	NO
20001200400094	092005.jpg	PROPOSITION 71	YES
20001200400094	092007.jpg	PROPOSITION 71	NO
20001200400094	092007.jpg	PROPOSITION 71	YES
20001200400094	092009.jpg	PROPOSITION 71	NO
20001200400094	092009.jpg	PROPOSITION 71	YES
20001200400094	092011.jpg	PROPOSITION 71	NO
20001200400094	092011.jpg	PROPOSITION 71	YES
20001200400094	092013.jpg	PROPOSITION 71	NO
20001200400094	092013.jpg	PROPOSITION 71	YES
20001200400094	092015.jpg	PROPOSITION 71	NO
20001200400094	092015.jpg	PROPOSITION 71	YES
20001200400094	092017.jpg	PROPOSITION 71	NO
20001200400094	092017.jpg	PROPOSITION 71	YES
20001200400094	092019.jpg	PROPOSITION 71	NO
20001200400094	092019.jpg	PROPOSITION 71	YES
20001200400094	092021.jpg	PROPOSITION 71	NO
20001200400094	092021.jpg	PROPOSITION 71	YES
20001200400094	092023.jpg	PROPOSITION 71	NO
20001200400094	092023.jpg	PROPOSITION 71	YES
20001200400094	092025.jpg	PROPOSITION 71	NO
20001200400094	092025.jpg	PROPOSITION 71	YES
20001200400094	092027.jpg	PROPOSITION 71	NO
20001200400094	092027.jpg	PROPOSITION 71	YES
20001200400094	092029.jpg	PROPOSITION 71	NO
20001200400094	092029.jpg	PROPOSITION 71	YES
20001200400094	092031.jpg	PROPOSITION 71	NO
20001200400094	092031.jpg	PROPOSITION 71	YES
20001200400094	092033.jpg	PROPOSITION 71	NO
20001200400094	092033.jpg	PROPOSITION 71	YES
20001200400094	092035.jpg	PROPOSITION 71	NO
20001200400094	092035.jpg	PROPOSITION 71	YES
20001200400094	092037.jpg	PROPOSITION 71	NO
20001200400094	092037.jpg	PROPOSITION 71	YES
20001200400094	092039.jpg	PROPOSITION 71	NO
20001200400094	092039.jpg	PROPOSITION 71	YES
20001200400094	092041.jpg	PROPOSITION 71	NO
20001200400094	092041.jpg	PROPOSITION 71	YES
20001200400094	092043.jpg	PROPOSITION 71	NO
20001200400094	092043.jpg	PROPOSITION 71	YES
20001200400094	092045.jpg	PROPOSITION 71	NO
20001200400094	092045.jpg	PROPOSITION 71	YES
20001200400094	092047.jpg	PROPOSITION 71	NO
20001200400094	092047.jpg	PROPOSITION 71	YES
20001200400094	092049.jpg	PROPOSITION 71	NO
20001200400094	092049.jpg	PROPOSITION 71	YES
20001200400094	092051.jpg	PROPOSITION 71	NO
20001200400094	092051.jpg	PROPOSITION 71	YES
20001200400094	092053.jpg	PROPOSITION 71	NO
20001200400094	092053.jpg	PROPOSITION 71	YES
20001200400094	092055.jpg	PROPOSITION 71	NO
20001200400094	092055.jpg	PROPOSITION 71	YES
20001200400094	092057.jpg	PROPOSITION 71	NO
20001200400094	092057.jpg	PROPOSITION 71	YES
20001200400094	092059.jpg	PROPOSITION 71	NO
20001200400094	092059.jpg	PROPOSITION 71	YES
20001200400094	092061.jpg	PROPOSITION 71	NO
20001200400094	092061.jpg	PROPOSITION 71	YES
20001200400094	092063.jpg	PROPOSITION 71	NO
20001200400094	092063.jpg	PROPOSITION 71	YES
20001200400094	092065.jpg	PROPOSITION 71	NO
20001200400094	092065.jpg	PROPOSITION 71	YES
20001200400094	092067.jpg	PROPOSITION 71	NO
20001200400094	092067.jpg	PROPOSITION 71	YES
20001200400094	092069.jpg	PROPOSITION 71	NO
20001200400094	092069.jpg	PROPOSITION 71	YES
20001200400094	092071.jpg	PROPOSITION 71	NO
20001200400094	092071.jpg	PROPOSITION 71	YES
20001200400094	092073.jpg	PROPOSITION 71	NO
20001200400094	092073.jpg	PROPOSITION 71	YES
20001200400094	092075.jpg	PROPOSITION 71	NO
20001200400094	092075.jpg	PROPOSITION 71	YES
20001200400094	092077.jpg	PROPOSITION 71	NO
20001200400094	092077.jpg	PROPOSITION 71	YES
20001200400094	092079.jpg	PROPOSITION 71	NO
20001200400094	092079.jpg	PROPOSITION 71	YES
20001200400094	092081.jpg	PROPOSITION 71	NO
20001200400094	092081.jpg	PROPOSITION 71	YES
20001200400094	092083.jpg	PROPOSITION 71	NO
20001200400094	092083.jpg	PROPOSITION 71	YES
20001200400094	092085.jpg	PROPOSITION 71	NO
20001200400094	092085.jpg	PROPOSITION 71	YES
20001200400094	092087.jpg	PROPOSITION 71	NO
20001200400094	092087.jpg	PROPOSITION 71	YES
20001200400094	092089.jpg	PROPOSITION 71	NO
20001200400094	092089.jpg	PROPOSITION 71	YES
20001200400094	092091.jpg	PROPOSITION 71	NO
20001200400094	092091.jpg	PROPOSITION 71	YES
20001200400094	092093.jpg	PROPOSITION 71	NO
20001200400094	092093.jpg	PROPOSITION 71	YES
20001200400094	092095.jpg	PROPOSITION 71	NO
20001200400094	092095.jpg	PROPOSITION 71	YES
20001200400094	092097.jpg	PROPOSITION 71	NO
20001200400094	092097.jpg	PROPOSITION 71	YES
20001200400094	092099.jpg	PROPOSITION 71	NO
20001200400094	092099.jpg	PROPOSITION 71	YES
20001200400094	092101.jpg	PROPOSITION 71	NO
20001200400094	092101.jpg	PROPOSITION 71	YES
20001200400094	092103.jpg	PROPOSITION 71	NO
20001200400094	092103.jpg	PROPOSITION 71	YES
20001200400094	092105.jpg	PROPOSITION 71	NO
20001200400094	092105.jpg	PROPOSITION 71	YES
20001200400094	092107.jpg	PROPOSITION 71	NO
20001200400094	092107.jpg	PROPOSITION 71	YES
20001200400094	092109.jpg	PROPOSITION 71	NO
20001200400094	092109.jpg	PROPOSITION 71	YES
20001200400094	092111.jpg	PROPOSITION 71	NO
20001200400094	092111.jpg	PROPOSITION 71	YES
20001200400094	092113.jpg	PROPOSITION 71	NO
20001200400094	092113.jpg	PROPOSITION 71	YES
20001200400094	092115.jpg	PROPOSITION 71	NO
20001200400094	092115.jpg	PROPOSITION 71	YES
20001200400094	092117.jpg	PROPOSITION 71	NO
20001200400094	092117.jpg	PROPOSITION 71	YES
20001200400094	092119.jpg	PROPOSITION 71	NO
20001200400094	092119.jpg	PROPOSITION 71	YES
20001200400094	092121.jpg	PROPOSITION 71	NO
20001200400094	092121.jpg	PROPOSITION 71	YES
20001200400094	092123.jpg	PROPOSITION 71	NO
20001200400094	092123.jpg	PROPOSITION 71	YES
20001200400094	092125.jpg	PROPOSITION 71	NO
20001200400094	092125.jpg	PROPOSITION 71	YES
20001200400094	092127.jpg	PROPOSITION 71	NO
20001200400094	092127.jpg	PROPOSITION 71	YES
20001200400094	092129.jpg	PROPOSITION 71	NO
20001200400094	092129.jpg	PROPOSITION 71	YES
20001200400094	092131.jpg	PROPOSITION 71	NO
20001200400094	092131.jpg	PROPOSITION 71	YES
20001200400094	092133.jpg	PROPOSITION 71	NO
20001200400094	092133.jpg	PROPOSITION 71	YES
20001200400094	092135.jpg	PROPOSITION 71	NO
20001200400094	092135.jpg	PROPOSITION 71	YES
20001200400094	121059.jpg	PROPOSITION 71	NO
20001200400094	121059.jpg	PROPOSITION 71	YES
20001200400094	121063.jpg	PROPOSITION 71	NO
20001200400094	121063.jpg	PROPOSITION 71	YES
20001200400094	121067.jpg	PROPOSITION 71	NO
20001200400094	121067.jpg	PROPOSITION 71	YES
20001200400094	122819.jpg	PROPOSITION 71	NO
20001200400094	122819.jpg	PROPOSITION 71	YES
20001200400094	126799.jpg	PROPOSITION 71	NO
20001200400094	126799.jpg	PROPOSITION 71	YES
20001200400094	126811.jpg	PROPOSITION 71	NO
20001200400094	126811.jpg	PROPOSITION 71	YES
20001200400094	126815.jpg	PROPOSITION 71	NO
20001200400094	126815.jpg	PROPOSITION 71	YES
20001200400094	126819.jpg	PROPOSITION 71	NO
20001200400094	126819.jpg	PROPOSITION 71	YES
20001200400094	126823.jpg	PROPOSITION 71	NO
20001200400094	126823.jpg	PROPOSITION 71	YES
20001200400094	126827.jpg	PROPOSITION 71	NO
20001200400094	126827.jpg	PROPOSITION 71	YES
20001200400094	126831.jpg	PROPOSITION 71	NO
20001200400094	126831.jpg	PROPOSITION 71	YES
20001200400094	126835.jpg	PROPOSITION 71	NO
20001200400094	126835.jpg	PROPOSITION 71	YES
20001200400094	126839.jpg	PROPOSITION 71	NO
20001200400094	126839.jpg	PROPOSITION 71	YES
20001200400094	126843.jpg	PROPOSITION 71	NO
20001200400094	126843.jpg	PROPOSITION 71	YES
20001200400094	126847.jpg	PROPOSITION 71	NO
20001200400094	126847.jpg	PROPOSITION 71	YES
20001200400094	126851.jpg	PROPOSITION 71	NO
20001200400094	126851.jpg	PROPOSITION 71	YES
20001200400094	126855.jpg	PROPOSITION 71	NO
20001200400094	126855.jpg	PROPOSITION 71	YES
